taxon	sequenceID	serotype	genotype	major_lineage	minor_lineage	minor_sublineage	combined	combined-with-id	isolate	country	collection_year
alignment/AL_UNC_DENV1_YALE/member/fasta-refseqs-yale-denv1/AB519681.1_2001	AB519681.1_2001	1	1V	1V_H	-	-	1/1V/1V_H/-/-	AB519681.1_2001/1/1V/1V_H/-	-	-	-
alignment/AL_UNC_DENV1_YALE/member/fasta-refseqs-yale-denv1/AY732483.1_1981	AY732483.1_1981	1	1I	1I_B	-	-	1/1I/1I_B/-/-	AY732483.1_1981/1/1I/1I_B/-	-	-	-
alignment/AL_UNC_DENV1_YALE/member/fasta-refseqs-yale-denv1/DQ285559.1_2004	DQ285559.1_2004	1	1V	1V_A	-	-	1/1V/1V_A/-/-	DQ285559.1_2004/1/1V/1V_A/-	-	-	-
alignment/AL_UNC_DENV1_YALE/member/fasta-refseqs-yale-denv1/EU081258.1_2005	EU081258.1_2005	1	1V	1V_A	-	-	1/1V/1V_A/-/-	EU081258.1_2005/1/1V/1V_A/-	-	-	-
alignment/AL_UNC_DENV1_YALE/member/fasta-refseqs-yale-denv1/EU179860.1_2005	EU179860.1_2005	1	1III	1III_A	-	-	1/1III/1III_A/-/-	EU179860.1_2005/1/1III/1III_A/-	-	-	-
alignment/AL_UNC_DENV1_YALE/member/fasta-refseqs-yale-denv1/EU482567.1_1998	EU482567.1_1998	1	1V	1V_J	-	-	1/1V/1V_J/-/-	EU482567.1_1998/1/1V/1V_J/-	-	-	-
alignment/AL_UNC_DENV1_YALE/member/fasta-refseqs-yale-denv1/EU482789.1_2003	EU482789.1_2003	1	1I	1I_C	-	-	1/1I/1I_C/-/-	EU482789.1_2003/1/1I/1I_C/-	-	-	-
alignment/AL_UNC_DENV1_YALE/member/fasta-refseqs-yale-denv1/EU482811.1_2006	EU482811.1_2006	1	1I	1I_H	1I_H.2	-	1/1I/1I_H/1I_H.2/-	EU482811.1_2006/1/1I/1I_H/1I_H.2	-	-	-
alignment/AL_UNC_DENV1_YALE/member/fasta-refseqs-yale-denv1/EU677173.1_2007	EU677173.1_2007	1	1I	1I_C	-	-	1/1I/1I_C/-/-	EU677173.1_2007/1/1I/1I_C/-	-	-	-
alignment/AL_UNC_DENV1_YALE/member/fasta-refseqs-yale-denv1/FJ196847.1_1997	FJ196847.1_1997	1	1I	1I_A	-	-	1/1I/1I_A/-/-	FJ196847.1_1997/1/1I/1I_A/-	-	-	-
alignment/AL_UNC_DENV1_YALE/member/fasta-refseqs-yale-denv1/FJ196848.1_1999	FJ196848.1_1999	1	1I	1I_F	-	-	1/1I/1I_F/-/-	FJ196848.1_1999/1/1I/1I_F/-	-	-	-
alignment/AL_UNC_DENV1_YALE/member/fasta-refseqs-yale-denv1/FJ205875.1_1995	FJ205875.1_1995	1	1V	1V_J	-	-	1/1V/1V_J/-/-	FJ205875.1_1995/1/1V/1V_J/-	-	-	-
alignment/AL_UNC_DENV1_YALE/member/fasta-refseqs-yale-denv1/FJ390380.1_1998	FJ390380.1_1998	1	1V	1V_J	-	-	1/1V/1V_J/-/-	FJ390380.1_1998/1/1V/1V_J/-	-	-	-
alignment/AL_UNC_DENV1_YALE/member/fasta-refseqs-yale-denv1/FJ410184.1_1993	FJ410184.1_1993	1	1V	1V_J	-	-	1/1V/1V_J/-/-	FJ410184.1_1993/1/1V/1V_J/-	-	-	-
alignment/AL_UNC_DENV1_YALE/member/fasta-refseqs-yale-denv1/FJ410257.1_2008	FJ410257.1_2008	1	1I	1I_K	1I_K.7	-	1/1I/1I_K/1I_K.7/-	FJ410257.1_2008/1/1I/1I_K/1I_K.7	-	-	-
alignment/AL_UNC_DENV1_YALE/member/fasta-refseqs-yale-denv1/FJ410269.1_2008	FJ410269.1_2008	1	1I	1I_C	-	-	1/1I/1I_C/-/-	FJ410269.1_2008/1/1I/1I_C/-	-	-	-
alignment/AL_UNC_DENV1_YALE/member/fasta-refseqs-yale-denv1/FJ639678.1_2003	FJ639678.1_2003	1	1I	1I_D	-	-	1/1I/1I_D/-/-	FJ639678.1_2003/1/1I/1I_D/-	-	-	-
alignment/AL_UNC_DENV1_YALE/member/fasta-refseqs-yale-denv1/FJ639735.1_1997	FJ639735.1_1997	1	1V	1V_B	-	-	1/1V/1V_B/-/-	FJ639735.1_1997/1/1V/1V_B/-	-	-	-
alignment/AL_UNC_DENV1_YALE/member/fasta-refseqs-yale-denv1/FJ639794.1_2004	FJ639794.1_2004	1	1V	1V_F	-	-	1/1V/1V_F/-/-	FJ639794.1_2004/1/1V/1V_F/-	-	-	-
alignment/AL_UNC_DENV1_YALE/member/fasta-refseqs-yale-denv1/FJ639819.1_2006	FJ639819.1_2006	1	1V	1V_E	-	-	1/1V/1V_E/-/-	FJ639819.1_2006/1/1V/1V_E/-	-	-	-
alignment/AL_UNC_DENV1_YALE/member/fasta-refseqs-yale-denv1/FJ850069.1_2003	FJ850069.1_2003	1	1I	1I_D	-	-	1/1I/1I_D/-/-	FJ850069.1_2003/1/1I/1I_D/-	-	-	-
alignment/AL_UNC_DENV1_YALE/member/fasta-refseqs-yale-denv1/FJ850073.1_2001	FJ850073.1_2001	1	1V	1V_H	-	-	1/1V/1V_H/-/-	FJ850073.1_2001/1/1V/1V_H/-	-	-	-
alignment/AL_UNC_DENV1_YALE/member/fasta-refseqs-yale-denv1/FJ882549.1_2007	FJ882549.1_2007	1	1I	1I_D	-	-	1/1I/1I_D/-/-	FJ882549.1_2007/1/1I/1I_D/-	-	-	-
alignment/AL_UNC_DENV1_YALE/member/fasta-refseqs-yale-denv1/FJ898412.1_2006	FJ898412.1_2006	1	1I	1I_C	-	-	1/1I/1I_C/-/-	FJ898412.1_2006/1/1I/1I_C/-	-	-	-
alignment/AL_UNC_DENV1_YALE/member/fasta-refseqs-yale-denv1/GQ199775.1_2007	GQ199775.1_2007	1	1I	1I_D	-	-	1/1I/1I_D/-/-	GQ199775.1_2007/1/1I/1I_D/-	-	-	-
alignment/AL_UNC_DENV1_YALE/member/fasta-refseqs-yale-denv1/GQ199805.1_2007	GQ199805.1_2007	1	1I	1I_C	-	-	1/1I/1I_C/-/-	GQ199805.1_2007/1/1I/1I_C/-	-	-	-
alignment/AL_UNC_DENV1_YALE/member/fasta-refseqs-yale-denv1/GQ199833.1_2004	GQ199833.1_2004	1	1I	1I_C	-	-	1/1I/1I_C/-/-	GQ199833.1_2004/1/1I/1I_C/-	-	-	-
alignment/AL_UNC_DENV1_YALE/member/fasta-refseqs-yale-denv1/GQ199837.1_2005	GQ199837.1_2005	1	1I	1I_C	-	-	1/1I/1I_C/-/-	GQ199837.1_2005/1/1I/1I_C/-	-	-	-
alignment/AL_UNC_DENV1_YALE/member/fasta-refseqs-yale-denv1/GQ868564.1_2006	GQ868564.1_2006	1	1V	1V_G	-	-	1/1V/1V_G/-/-	GQ868564.1_2006/1/1V/1V_G/-	-	-	-
alignment/AL_UNC_DENV1_YALE/member/fasta-refseqs-yale-denv1/GQ868568.1_2007	GQ868568.1_2007	1	1V	1V_G	-	-	1/1V/1V_G/-/-	GQ868568.1_2007/1/1V/1V_G/-	-	-	-
alignment/AL_UNC_DENV1_YALE/member/fasta-refseqs-yale-denv1/GQ868570.1_2008	GQ868570.1_2008	1	1V	1V_D	1V_D.1	-	1/1V/1V_D/1V_D.1/-	GQ868570.1_2008/1/1V/1V_D/1V_D.1	-	-	-
alignment/AL_UNC_DENV1_YALE/member/fasta-refseqs-yale-denv1/GQ868601.1_1985	GQ868601.1_1985	1	1V	1V_A	-	-	1/1V/1V_A/-/-	GQ868601.1_1985/1/1V/1V_A/-	-	-	-
alignment/AL_UNC_DENV1_YALE/member/fasta-refseqs-yale-denv1/GQ868619.1_2003	GQ868619.1_2003	1	1I	1I_K	1I_K.7	-	1/1I/1I_K/1I_K.7/-	GQ868619.1_2003/1/1I/1I_K/1I_K.7	-	-	-
alignment/AL_UNC_DENV1_YALE/member/fasta-refseqs-yale-denv1/GU056032.1_1998	GU056032.1_1998	1	1V	1V_C	-	-	1/1V/1V_C/-/-	GU056032.1_1998/1/1V/1V_C/-	-	-	-
alignment/AL_UNC_DENV1_YALE/member/fasta-refseqs-yale-denv1/GU131678.1_2008	GU131678.1_2008	1	1I	1I_H	1I_H.2	-	1/1I/1I_H/1I_H.2/-	GU131678.1_2008/1/1I/1I_H/1I_H.2	-	-	-
alignment/AL_UNC_DENV1_YALE/member/fasta-refseqs-yale-denv1/GU131749.1_2008	GU131749.1_2008	1	1I	1I_H	1I_H.2	-	1/1I/1I_H/1I_H.2/-	GU131749.1_2008/1/1I/1I_H/1I_H.2	-	-	-
alignment/AL_UNC_DENV1_YALE/member/fasta-refseqs-yale-denv1/GU131752.1_2008	GU131752.1_2008	1	1I	1I_K	1I_K.7	-	1/1I/1I_K/1I_K.7/-	GU131752.1_2008/1/1I/1I_K/1I_K.7	-	-	-
alignment/AL_UNC_DENV1_YALE/member/fasta-refseqs-yale-denv1/GU131753.1_2008	GU131753.1_2008	1	1I	1I_C	-	-	1/1I/1I_C/-/-	GU131753.1_2008/1/1I/1I_C/-	-	-	-
alignment/AL_UNC_DENV1_YALE/member/fasta-refseqs-yale-denv1/GU131792.1_2008	GU131792.1_2008	1	1I	1I_C	-	-	1/1I/1I_C/-/-	GU131792.1_2008/1/1I/1I_C/-	-	-	-
alignment/AL_UNC_DENV1_YALE/member/fasta-refseqs-yale-denv1/GU131801.1_2008	GU131801.1_2008	1	1I	1I_H	1I_H.2	-	1/1I/1I_H/1I_H.2/-	GU131801.1_2008/1/1I/1I_H/1I_H.2	-	-	-
alignment/AL_UNC_DENV1_YALE/member/fasta-refseqs-yale-denv1/GU131805.1_2008	GU131805.1_2008	1	1I	1I_G	-	-	1/1I/1I_G/-/-	GU131805.1_2008/1/1I/1I_G/-	-	-	-
alignment/AL_UNC_DENV1_YALE/member/fasta-refseqs-yale-denv1/GU131811.1_2008	GU131811.1_2008	1	1I	1I_G	-	-	1/1I/1I_G/-/-	GU131811.1_2008/1/1I/1I_G/-	-	-	-
alignment/AL_UNC_DENV1_YALE/member/fasta-refseqs-yale-denv1/HM181952.1_2007	HM181952.1_2007	1	1I	1I_H	1I_H.2	-	1/1I/1I_H/1I_H.2/-	HM181952.1_2007/1/1I/1I_H/1I_H.2	-	-	-
alignment/AL_UNC_DENV1_YALE/member/fasta-refseqs-yale-denv1/HM181970.1_2008	HM181970.1_2008	1	1I	1I_K	1I_K.7	-	1/1I/1I_K/1I_K.7/-	HM181970.1_2008/1/1I/1I_K/1I_K.7	-	-	-
alignment/AL_UNC_DENV1_YALE/member/fasta-refseqs-yale-denv1/HQ624983.1_2007	HQ624983.1_2007	1	1I	1I_G	-	-	1/1I/1I_G/-/-	HQ624983.1_2007/1/1I/1I_G/-	-	-	-
alignment/AL_UNC_DENV1_YALE/member/fasta-refseqs-yale-denv1/JF459993.1_2002	JF459993.1_2002	1	1I	1I_J	-	-	1/1I/1I_J/-/-	JF459993.1_2002/1/1I/1I_J/-	-	-	-
alignment/AL_UNC_DENV1_YALE/member/fasta-refseqs-yale-denv1/JN544410.2_2011-04	JN544410.2_2011-04	1	1IV	1IV_C	-	-	1/1IV/1IV_C/-/-	JN544410.2_2011-04/1/1IV/1IV_C/-	-	-	-
alignment/AL_UNC_DENV1_YALE/member/fasta-refseqs-yale-denv1/JN697056.1_2005-01-01	JN697056.1_2005-01-01	1	1IV	1IV_A	-	-	1/1IV/1IV_A/-/-	JN697056.1_2005-01-01/1/1IV/1IV_A/-	-	-	-
alignment/AL_UNC_DENV1_YALE/member/fasta-refseqs-yale-denv1/JN819415.1_2006	JN819415.1_2006	1	1V	1V_B	-	-	1/1V/1V_B/-/-	JN819415.1_2006/1/1V/1V_B/-	-	-	-
alignment/AL_UNC_DENV1_YALE/member/fasta-refseqs-yale-denv1/JN903578.1_2007-07-26	JN903578.1_2007-07-26	1	1V	1V_A	-	-	1/1V/1V_A/-/-	JN903578.1_2007-07-26/1/1V/1V_A/-	-	-	-
alignment/AL_UNC_DENV1_YALE/member/fasta-refseqs-yale-denv1/JQ287664.1_2004	JQ287664.1_2004	1	1I	1I_D	-	-	1/1I/1I_D/-/-	JQ287664.1_2004/1/1I/1I_D/-	-	-	-
alignment/AL_UNC_DENV1_YALE/member/fasta-refseqs-yale-denv1/JQ915076.1_2009-06-09	JQ915076.1_2009-06-09	1	1IV	1IV_A	-	-	1/1IV/1IV_A/-/-	JQ915076.1_2009-06-09/1/1IV/1IV_A/-	-	-	-
alignment/AL_UNC_DENV1_YALE/member/fasta-refseqs-yale-denv1/JQ922547.1_1960	JQ922547.1_1960	1	1II	-	-	-	1/1II/-/-/-	JQ922547.1_1960/1/1II/-/-	-	-	-
alignment/AL_UNC_DENV1_YALE/member/fasta-refseqs-yale-denv1/JQ922548.1_2005	JQ922548.1_2005	1	1III	1III_A	-	-	1/1III/1III_A/-/-	JQ922548.1_2005/1/1III/1III_A/-	-	-	-
alignment/AL_UNC_DENV1_YALE/member/fasta-refseqs-yale-denv1/JX669469.1_1997	JX669469.1_1997	1	1V	1V_H	-	-	1/1V/1V_H/-/-	JX669469.1_1997/1/1V/1V_H/-	-	-	-
alignment/AL_UNC_DENV1_YALE/member/fasta-refseqs-yale-denv1/KC172834.1_2008-10-06	KC172834.1_2008-10-06	1	1I	1I_H	1I_H.3	-	1/1I/1I_H/1I_H.3/-	KC172834.1_2008-10-06/1/1I/1I_H/1I_H.3	-	-	-
alignment/AL_UNC_DENV1_YALE/member/fasta-refseqs-yale-denv1/KC692517.1_2010-12-29	KC692517.1_2010-12-29	1	1V	1V_F	-	-	1/1V/1V_F/-/-	KC692517.1_2010-12-29/1/1V/1V_F/-	-	-	-
alignment/AL_UNC_DENV1_YALE/member/fasta-refseqs-yale-denv1/KC759167.1_2012-01-09	KC759167.1_2012-01-09	1	1I	1I_E	-	-	1/1I/1I_E/-/-	KC759167.1_2012-01-09/1/1I/1I_E/-	-	-	-
alignment/AL_UNC_DENV1_YALE/member/fasta-refseqs-yale-denv1/KC762620.1_2007-12-13	KC762620.1_2007-12-13	1	1IV	1IV_C	-	-	1/1IV/1IV_C/-/-	KC762620.1_2007-12-13/1/1IV/1IV_C/-	-	-	-
alignment/AL_UNC_DENV1_YALE/member/fasta-refseqs-yale-denv1/KC762621.1_2008-02-15	KC762621.1_2008-02-15	1	1I	1I_K	1I_K.4	-	1/1I/1I_K/1I_K.4/-	KC762621.1_2008-02-15/1/1I/1I_K/1I_K.4	-	-	-
alignment/AL_UNC_DENV1_YALE/member/fasta-refseqs-yale-denv1/KC762627.1_2008-04-17	KC762627.1_2008-04-17	1	1I	1I_K	1I_K.4	-	1/1I/1I_K/1I_K.4/-	KC762627.1_2008-04-17/1/1I/1I_K/1I_K.4	-	-	-
alignment/AL_UNC_DENV1_YALE/member/fasta-refseqs-yale-denv1/KC762629.1_2008-03-15	KC762629.1_2008-03-15	1	1I	1I_K	1I_K.4	-	1/1I/1I_K/1I_K.4/-	KC762629.1_2008-03-15/1/1I/1I_K/1I_K.4	-	-	-
alignment/AL_UNC_DENV1_YALE/member/fasta-refseqs-yale-denv1/KC762630.1_2008-02-06	KC762630.1_2008-02-06	1	1IV	1IV_C	-	-	1/1IV/1IV_C/-/-	KC762630.1_2008-02-06/1/1IV/1IV_C/-	-	-	-
alignment/AL_UNC_DENV1_YALE/member/fasta-refseqs-yale-denv1/KC762631.1_2008-02-15	KC762631.1_2008-02-15	1	1I	1I_K	1I_K.4	-	1/1I/1I_K/1I_K.4/-	KC762631.1_2008-02-15/1/1I/1I_K/1I_K.4	-	-	-
alignment/AL_UNC_DENV1_YALE/member/fasta-refseqs-yale-denv1/KC762647.1_2010-03-03	KC762647.1_2010-03-03	1	1I	1I_K	1I_K.4	-	1/1I/1I_K/1I_K.4/-	KC762647.1_2010-03-03/1/1I/1I_K/1I_K.4	-	-	-
alignment/AL_UNC_DENV1_YALE/member/fasta-refseqs-yale-denv1/KC762651.1_2007-12-11	KC762651.1_2007-12-11	1	1IV	1IV_C	-	-	1/1IV/1IV_C/-/-	KC762651.1_2007-12-11/1/1IV/1IV_C/-	-	-	-
alignment/AL_UNC_DENV1_YALE/member/fasta-refseqs-yale-denv1/KF184975.1_2013-04	KF184975.1_2013-04	1	1VII	1VII_A	-	-	1/1VII/1VII_A/-/-	KF184975.1_2013-04/1/1VII/1VII_A/-	-	-	-
alignment/AL_UNC_DENV1_YALE/member/fasta-refseqs-yale-denv1/KF289073.1_1956	KF289073.1_1956	1	1V	-	-	-	1/1V/-/-/-	KF289073.1_1956/1/1V/-/-	-	-	-
alignment/AL_UNC_DENV1_YALE/member/fasta-refseqs-yale-denv1/KF672764.1_2001	KF672764.1_2001	1	1V	1V_H	-	-	1/1V/1V_H/-/-	KF672764.1_2001/1/1V/1V_H/-	-	-	-
alignment/AL_UNC_DENV1_YALE/member/fasta-refseqs-yale-denv1/KF955424.1_2007	KF955424.1_2007	1	1V	1V_C	-	-	1/1V/1V_C/-/-	KF955424.1_2007/1/1V/1V_C/-	-	-	-
alignment/AL_UNC_DENV1_YALE/member/fasta-refseqs-yale-denv1/KF955437.1_1998	KF955437.1_1998	1	1V	1V_J	-	-	1/1V/1V_J/-/-	KF955437.1_1998/1/1V/1V_J/-	-	-	-
alignment/AL_UNC_DENV1_YALE/member/fasta-refseqs-yale-denv1/KF971870.1_2013-08-23	KF971870.1_2013-08-23	1	1I	1I_K	1I_K.6	-	1/1I/1I_K/1I_K.6/-	KF971870.1_2013-08-23/1/1I/1I_K/1I_K.6	-	-	-
alignment/AL_UNC_DENV1_YALE/member/fasta-refseqs-yale-denv1/KJ189303.1_1998	KJ189303.1_1998	1	1V	1V_G	-	-	1/1V/1V_G/-/-	KJ189303.1_1998/1/1V/1V_G/-	-	-	-
alignment/AL_UNC_DENV1_YALE/member/fasta-refseqs-yale-denv1/KJ189304.1_2005	KJ189304.1_2005	1	1V	1V_G	-	-	1/1V/1V_G/-/-	KJ189304.1_2005/1/1V/1V_G/-	-	-	-
alignment/AL_UNC_DENV1_YALE/member/fasta-refseqs-yale-denv1/KJ189354.1_2012	KJ189354.1_2012	1	1V	1V_E	1V_E.3	-	1/1V/1V_E/1V_E.3/-	KJ189354.1_2012/1/1V/1V_E/1V_E.3	-	-	-
alignment/AL_UNC_DENV1_YALE/member/fasta-refseqs-yale-denv1/KJ189362.1_2010	KJ189362.1_2010	1	1V	1V_E	1V_E.3	-	1/1V/1V_E/1V_E.3/-	KJ189362.1_2010/1/1V/1V_E/1V_E.3	-	-	-
alignment/AL_UNC_DENV1_YALE/member/fasta-refseqs-yale-denv1/KJ189363.1_2010	KJ189363.1_2010	1	1V	1V_E	1V_E.3	-	1/1V/1V_E/1V_E.3/-	KJ189363.1_2010/1/1V/1V_E/1V_E.3	-	-	-
alignment/AL_UNC_DENV1_YALE/member/fasta-refseqs-yale-denv1/KJ189366.1_2010	KJ189366.1_2010	1	1V	1V_E	1V_E.3	-	1/1V/1V_E/1V_E.3/-	KJ189366.1_2010/1/1V/1V_E/1V_E.3	-	-	-
alignment/AL_UNC_DENV1_YALE/member/fasta-refseqs-yale-denv1/KJ189368.1_2012	KJ189368.1_2012	1	1V	1V_C	-	-	1/1V/1V_C/-/-	KJ189368.1_2012/1/1V/1V_C/-	-	-	-
alignment/AL_UNC_DENV1_YALE/member/fasta-refseqs-yale-denv1/KJ649286.1_2011-12-31	KJ649286.1_2011-12-31	1	1I	1I_B	-	-	1/1I/1I_B/-/-	KJ649286.1_2011-12-31/1/1I/1I_B/-	-	-	-
alignment/AL_UNC_DENV1_YALE/member/fasta-refseqs-yale-denv1/KJ755855.1_2013-07	KJ755855.1_2013-07	1	1I	1I_H	1I_H.1	-	1/1I/1I_H/1I_H.1/-	KJ755855.1_2013-07/1/1I/1I_H/1I_H.1	-	-	-
alignment/AL_UNC_DENV1_YALE/member/fasta-refseqs-yale-denv1/KJ806950.2_2013	KJ806950.2_2013	1	1III	1III_B	-	-	1/1III/1III_B/-/-	KJ806950.2_2013/1/1III/1III_B/-	-	-	-
alignment/AL_UNC_DENV1_YALE/member/fasta-refseqs-yale-denv1/KP406801.1_2004	KP406801.1_2004	1	1III	1III_B	-	-	1/1III/1III_B/-/-	KP406801.1_2004/1/1III/1III_B/-	-	-	-
alignment/AL_UNC_DENV1_YALE/member/fasta-refseqs-yale-denv1/KT827364.1_2002	KT827364.1_2002	1	1IV	1IV_C	-	-	1/1IV/1IV_C/-/-	KT827364.1_2002/1/1IV/1IV_C/-	-	-	-
alignment/AL_UNC_DENV1_YALE/member/fasta-refseqs-yale-denv1/KT827369.1_2011	KT827369.1_2011	1	1I	1I_G	-	-	1/1I/1I_G/-/-	KT827369.1_2011/1/1I/1I_G/-	-	-	-
alignment/AL_UNC_DENV1_YALE/member/fasta-refseqs-yale-denv1/KU509252.1_2010	KU509252.1_2010	1	1V	1V_E	-	-	1/1V/1V_E/-/-	KU509252.1_2010/1/1V/1V_E/-	-	-	-
alignment/AL_UNC_DENV1_YALE/member/fasta-refseqs-yale-denv1/KU509254.1_2011	KU509254.1_2011	1	1V	1V_F	-	-	1/1V/1V_F/-/-	KU509254.1_2011/1/1V/1V_F/-	-	-	-
alignment/AL_UNC_DENV1_YALE/member/fasta-refseqs-yale-denv1/KU509258.1_2010	KU509258.1_2010	1	1I	1I_B	-	-	1/1I/1I_B/-/-	KU509258.1_2010/1/1I/1I_B/-	-	-	-
alignment/AL_UNC_DENV1_YALE/member/fasta-refseqs-yale-denv1/KU509260.1_2008	KU509260.1_2008	1	1I	1I_F	-	-	1/1I/1I_F/-/-	KU509260.1_2008/1/1I/1I_F/-	-	-	-
alignment/AL_UNC_DENV1_YALE/member/fasta-refseqs-yale-denv1/KU509261.1_2010	KU509261.1_2010	1	1IV	1IV_C	-	-	1/1IV/1IV_C/-/-	KU509261.1_2010/1/1IV/1IV_C/-	-	-	-
alignment/AL_UNC_DENV1_YALE/member/fasta-refseqs-yale-denv1/KX618705.1_2014	KX618705.1_2014	1	1III	1III_B	-	-	1/1III/1III_B/-/-	KX618705.1_2014/1/1III/1III_B/-	-	-	-
alignment/AL_UNC_DENV1_YALE/member/fasta-refseqs-yale-denv1/KX618706.1_2014	KX618706.1_2014	1	1III	1III_B	-	-	1/1III/1III_B/-/-	KX618706.1_2014/1/1III/1III_B/-	-	-	-
alignment/AL_UNC_DENV1_YALE/member/fasta-refseqs-yale-denv1/KY474306.1_2014	KY474306.1_2014	1	1V	1V_F	-	-	1/1V/1V_F/-/-	KY474306.1_2014/1/1V/1V_F/-	-	-	-
alignment/AL_UNC_DENV1_YALE/member/fasta-refseqs-yale-denv1/KY586334.1_2008	KY586334.1_2008	1	1I	1I_K	1I_K.5	-	1/1I/1I_K/1I_K.5/-	KY586334.1_2008/1/1I/1I_K/1I_K.5	-	-	-
alignment/AL_UNC_DENV1_YALE/member/fasta-refseqs-yale-denv1/KY586336.1_2006	KY586336.1_2006	1	1I	1I_K	1I_K.5	-	1/1I/1I_K/1I_K.5/-	KY586336.1_2006/1/1I/1I_K/1I_K.5	-	-	-
alignment/AL_UNC_DENV1_YALE/member/fasta-refseqs-yale-denv1/KY586366.1_2001	KY586366.1_2001	1	1I	1I_K	1I_K.7	-	1/1I/1I_K/1I_K.7/-	KY586366.1_2001/1/1I/1I_K/1I_K.7	-	-	-
alignment/AL_UNC_DENV1_YALE/member/fasta-refseqs-yale-denv1/KY586396.1_2004	KY586396.1_2004	1	1I	1I_H	1I_H.3	-	1/1I/1I_H/1I_H.3/-	KY586396.1_2004/1/1I/1I_H/1I_H.3	-	-	-
alignment/AL_UNC_DENV1_YALE/member/fasta-refseqs-yale-denv1/KY586528.1_2002	KY586528.1_2002	1	1I	1I_G	-	-	1/1I/1I_G/-/-	KY586528.1_2002/1/1I/1I_G/-	-	-	-
alignment/AL_UNC_DENV1_YALE/member/fasta-refseqs-yale-denv1/KY586530.1_2002	KY586530.1_2002	1	1I	1I_E	-	-	1/1I/1I_E/-/-	KY586530.1_2002/1/1I/1I_E/-	-	-	-
alignment/AL_UNC_DENV1_YALE/member/fasta-refseqs-yale-denv1/KY586545.1_2004	KY586545.1_2004	1	1I	1I_A	-	-	1/1I/1I_A/-/-	KY586545.1_2004/1/1I/1I_A/-	-	-	-
alignment/AL_UNC_DENV1_YALE/member/fasta-refseqs-yale-denv1/KY849723.1_2010-07-06	KY849723.1_2010-07-06	1	1I	1I_K	1I_K.5	-	1/1I/1I_K/1I_K.5/-	KY849723.1_2010-07-06/1/1I/1I_K/1I_K.5	-	-	-
alignment/AL_UNC_DENV1_YALE/member/fasta-refseqs-yale-denv1/KY849741.1_2008-10-06	KY849741.1_2008-10-06	1	1I	1I_H	1I_H.3	-	1/1I/1I_H/1I_H.3/-	KY849741.1_2008-10-06/1/1I/1I_H/1I_H.3	-	-	-
alignment/AL_UNC_DENV1_YALE/member/fasta-refseqs-yale-denv1/LC428075.1_2017	LC428075.1_2017	1	1I	1I_E	1I_E.3	-	1/1I/1I_E/1I_E.3/-	LC428075.1_2017/1/1I/1I_E/1I_E.3	-	-	-
alignment/AL_UNC_DENV1_YALE/member/fasta-refseqs-yale-denv1/LC707382.1_2021-06-30	LC707382.1_2021-06-30	1	1VII	1VII_B	-	-	1/1VII/1VII_B/-/-	LC707382.1_2021-06-30/1/1VII/1VII_B/-	-	-	-
alignment/AL_UNC_DENV1_YALE/member/fasta-refseqs-yale-denv1/MF033212.1_2013-12	MF033212.1_2013-12	1	1III	1III_A	1III_A.3	-	1/1III/1III_A/1III_A.3/-	MF033212.1_2013-12/1/1III/1III_A/1III_A.3	-	-	-
alignment/AL_UNC_DENV1_YALE/member/fasta-refseqs-yale-denv1/MF033220.1_2014-06	MF033220.1_2014-06	1	1I	1I_K	1I_K.2	-	1/1I/1I_K/1I_K.2/-	MF033220.1_2014-06/1/1I/1I_K/1I_K.2	-	-	-
alignment/AL_UNC_DENV1_YALE/member/fasta-refseqs-yale-denv1/MF033230.1_2015-02	MF033230.1_2015-02	1	1I	1I_K	1I_K.3	-	1/1I/1I_K/1I_K.3/-	MF033230.1_2015-02/1/1I/1I_K/1I_K.3	-	-	-
alignment/AL_UNC_DENV1_YALE/member/fasta-refseqs-yale-denv1/MF033231.1_2015-03	MF033231.1_2015-03	1	1IV	1IV_B	-	-	1/1IV/1IV_B/-/-	MF033231.1_2015-03/1/1IV/1IV_B/-	-	-	-
alignment/AL_UNC_DENV1_YALE/member/fasta-refseqs-yale-denv1/MG840548.1_2015	MG840548.1_2015	1	1I	1I_J	-	-	1/1I/1I_J/-/-	MG840548.1_2015/1/1I/1I_J/-	-	-	-
alignment/AL_UNC_DENV1_YALE/member/fasta-refseqs-yale-denv1/MG840570.1_2016	MG840570.1_2016	1	1I	1I_E	1I_E.1	-	1/1I/1I_E/1I_E.1/-	MG840570.1_2016/1/1I/1I_E/1I_E.1	-	-	-
alignment/AL_UNC_DENV1_YALE/member/fasta-refseqs-yale-denv1/MG840578.1_2017	MG840578.1_2017	1	1I	1I_E	1I_E.1	-	1/1I/1I_E/1I_E.1/-	MG840578.1_2017/1/1I/1I_E/1I_E.1	-	-	-
alignment/AL_UNC_DENV1_YALE/member/fasta-refseqs-yale-denv1/MG877557.1_2012	MG877557.1_2012	1	1VII	1VII_B	-	-	1/1VII/1VII_B/-/-	MG877557.1_2012/1/1VII/1VII_B/-	-	-	-
alignment/AL_UNC_DENV1_YALE/member/fasta-refseqs-yale-denv1/MH891771.1_2017-10-22	MH891771.1_2017-10-22	1	1III	1III_A	1III_A.3	-	1/1III/1III_A/1III_A.3/-	MH891771.1_2017-10-22/1/1III/1III_A/1III_A.3	-	-	-
alignment/AL_UNC_DENV1_YALE/member/fasta-refseqs-yale-denv1/MH921567.1_2016	MH921567.1_2016	1	1IV	1IV_A	-	-	1/1IV/1IV_A/-/-	MH921567.1_2016/1/1IV/1IV_A/-	-	-	-
alignment/AL_UNC_DENV1_YALE/member/fasta-refseqs-yale-denv1/MK166996.1_2017-11-04	MK166996.1_2017-11-04	1	1I	1I_K	1I_K.1	1I_K.1.2	1/1I/1I_K/1I_K.1/1I_K.1.2	MK166996.1_2017-11-04/1/1I/1I_K/1I_K.1	-	-	-
alignment/AL_UNC_DENV1_YALE/member/fasta-refseqs-yale-denv1/MK166998.1_2017-10-29	MK166998.1_2017-10-29	1	1I	1I_K	1I_K.1	1I_K.1.2	1/1I/1I_K/1I_K.1/1I_K.1.2	MK166998.1_2017-10-29/1/1I/1I_K/1I_K.1	-	-	-
alignment/AL_UNC_DENV1_YALE/member/fasta-refseqs-yale-denv1/MK588397.1_2017-04-22	MK588397.1_2017-04-22	1	1III	1III_A	1III_A.3	-	1/1III/1III_A/1III_A.3/-	MK588397.1_2017-04-22/1/1III/1III_A/1III_A.3	-	-	-
alignment/AL_UNC_DENV1_YALE/member/fasta-refseqs-yale-denv1/MK858130.1_2016-10-25	MK858130.1_2016-10-25	1	1III	1III_B	-	-	1/1III/1III_B/-/-	MK858130.1_2016-10-25/1/1III/1III_B/-	-	-	-
alignment/AL_UNC_DENV1_YALE/member/fasta-refseqs-yale-denv1/MN018297.1_2017-05-08	MN018297.1_2017-05-08	1	1IV	1IV_B	1IV_B.1	-	1/1IV/1IV_B/1IV_B.1/-	MN018297.1_2017-05-08/1/1IV/1IV_B/1IV_B.1	-	-	-
alignment/AL_UNC_DENV1_YALE/member/fasta-refseqs-yale-denv1/MN018298.1_2017-08-21	MN018298.1_2017-08-21	1	1I	1I_K	1I_K.1	1I_K.1.2	1/1I/1I_K/1I_K.1/1I_K.1.2	MN018298.1_2017-08-21/1/1I/1I_K/1I_K.1	-	-	-
alignment/AL_UNC_DENV1_YALE/member/fasta-refseqs-yale-denv1/MN018323.1_2016-05-24	MN018323.1_2016-05-24	1	1I	1I_K	1I_K.2	-	1/1I/1I_K/1I_K.2/-	MN018323.1_2016-05-24/1/1I/1I_K/1I_K.2	-	-	-
alignment/AL_UNC_DENV1_YALE/member/fasta-refseqs-yale-denv1/MN018326.1_2017-09-19	MN018326.1_2017-09-19	1	1I	1I_E	1I_E.1	-	1/1I/1I_E/1I_E.1/-	MN018326.1_2017-09-19/1/1I/1I_E/1I_E.1	-	-	-
alignment/AL_UNC_DENV1_YALE/member/fasta-refseqs-yale-denv1/MN018333.1_2016-02-25	MN018333.1_2016-02-25	1	1I	1I_E	1I_E.1	-	1/1I/1I_E/1I_E.1/-	MN018333.1_2016-02-25/1/1I/1I_E/1I_E.1	-	-	-
alignment/AL_UNC_DENV1_YALE/member/fasta-refseqs-yale-denv1/MN448635.1_2010-08-03	MN448635.1_2010-08-03	1	1I	1I_K	1I_K.5	-	1/1I/1I_K/1I_K.5/-	MN448635.1_2010-08-03/1/1I/1I_K/1I_K.5	-	-	-
alignment/AL_UNC_DENV1_YALE/member/fasta-refseqs-yale-denv1/MN448692.1_2012-10-01	MN448692.1_2012-10-01	1	1I	1I_K	1I_K.5	-	1/1I/1I_K/1I_K.5/-	MN448692.1_2012-10-01/1/1I/1I_K/1I_K.5	-	-	-
alignment/AL_UNC_DENV1_YALE/member/fasta-refseqs-yale-denv1/MN449014.1_2015-04-20	MN449014.1_2015-04-20	1	1V	1V_D	1V_D.1	1V_D.1.2	1/1V/1V_D/1V_D.1/1V_D.1.2	MN449014.1_2015-04-20/1/1V/1V_D/1V_D.1	-	-	-
alignment/AL_UNC_DENV1_YALE/member/fasta-refseqs-yale-denv1/MN449016.1_2015-04-08	MN449016.1_2015-04-08	1	1V	1V_D	1V_D.1	-	1/1V/1V_D/1V_D.1/-	MN449016.1_2015-04-08/1/1V/1V_D/1V_D.1	-	-	-
alignment/AL_UNC_DENV1_YALE/member/fasta-refseqs-yale-denv1/MN556094.1_2019-09-01	MN556094.1_2019-09-01	1	1I	1I_K	1I_K.3	-	1/1I/1I_K/1I_K.3/-	MN556094.1_2019-09-01/1/1I/1I_K/1I_K.3	-	-	-
alignment/AL_UNC_DENV1_YALE/member/fasta-refseqs-yale-denv1/MN556095.1_2017-04	MN556095.1_2017-04	1	1V	1V_D	1V_D.1	1V_D.1.2	1/1V/1V_D/1V_D.1/1V_D.1.2	MN556095.1_2017-04/1/1V/1V_D/1V_D.1	-	-	-
alignment/AL_UNC_DENV1_YALE/member/fasta-refseqs-yale-denv1/MN577472.1_2019-07	MN577472.1_2019-07	1	1VII	1VII_A	-	-	1/1VII/1VII_A/-/-	MN577472.1_2019-07/1/1VII/1VII_A/-	-	-	-
alignment/AL_UNC_DENV1_YALE/member/fasta-refseqs-yale-denv1/MN639764.1_2018-10	MN639764.1_2018-10	1	1I	1I_K	1I_K.1	1I_K.1.2	1/1I/1I_K/1I_K.1/1I_K.1.2	MN639764.1_2018-10/1/1I/1I_K/1I_K.1	-	-	-
alignment/AL_UNC_DENV1_YALE/member/fasta-refseqs-yale-denv1/MN639765.1_2018-10	MN639765.1_2018-10	1	1I	1I_K	1I_K.1	1I_K.1.2	1/1I/1I_K/1I_K.1/1I_K.1.2	MN639765.1_2018-10/1/1I/1I_K/1I_K.1	-	-	-
alignment/AL_UNC_DENV1_YALE/member/fasta-refseqs-yale-denv1/MN639766.1_2018-10	MN639766.1_2018-10	1	1I	1I_K	1I_K.1	-	1/1I/1I_K/1I_K.1/-	MN639766.1_2018-10/1/1I/1I_K/1I_K.1	-	-	-
alignment/AL_UNC_DENV1_YALE/member/fasta-refseqs-yale-denv1/MN912152.1_2017-07-18	MN912152.1_2017-07-18	1	1I	1I_E	1I_E.1	1I_E.1.2	1/1I/1I_E/1I_E.1/1I_E.1.2	MN912152.1_2017-07-18/1/1I/1I_E/1I_E.1	-	-	-
alignment/AL_UNC_DENV1_YALE/member/fasta-refseqs-yale-denv1/MN912165.1_2017-07-18	MN912165.1_2017-07-18	1	1I	1I_E	1I_E.1	1I_E.1.2	1/1I/1I_E/1I_E.1/1I_E.1.2	MN912165.1_2017-07-18/1/1I/1I_E/1I_E.1	-	-	-
alignment/AL_UNC_DENV1_YALE/member/fasta-refseqs-yale-denv1/MN912167.1_2017-07-18	MN912167.1_2017-07-18	1	1I	1I_E	1I_E.1	1I_E.1.2	1/1I/1I_E/1I_E.1/1I_E.1.2	MN912167.1_2017-07-18/1/1I/1I_E/1I_E.1	-	-	-
alignment/AL_UNC_DENV1_YALE/member/fasta-refseqs-yale-denv1/MN912168.1_2017-07-18	MN912168.1_2017-07-18	1	1I	1I_E	1I_E.1	1I_E.1.2	1/1I/1I_E/1I_E.1/1I_E.1.2	MN912168.1_2017-07-18/1/1I/1I_E/1I_E.1	-	-	-
alignment/AL_UNC_DENV1_YALE/member/fasta-refseqs-yale-denv1/MN912169.1_2017-07-18	MN912169.1_2017-07-18	1	1I	1I_E	1I_E.1	1I_E.1.2	1/1I/1I_E/1I_E.1/1I_E.1.2	MN912169.1_2017-07-18/1/1I/1I_E/1I_E.1	-	-	-
alignment/AL_UNC_DENV1_YALE/member/fasta-refseqs-yale-denv1/MN912175.1_2017-07-18	MN912175.1_2017-07-18	1	1I	1I_E	1I_E.1	1I_E.1.2	1/1I/1I_E/1I_E.1/1I_E.1.2	MN912175.1_2017-07-18/1/1I/1I_E/1I_E.1	-	-	-
alignment/AL_UNC_DENV1_YALE/member/fasta-refseqs-yale-denv1/MN912176.1_2017-07-18	MN912176.1_2017-07-18	1	1I	1I_E	1I_E.1	1I_E.1.2	1/1I/1I_E/1I_E.1/1I_E.1.2	MN912176.1_2017-07-18/1/1I/1I_E/1I_E.1	-	-	-
alignment/AL_UNC_DENV1_YALE/member/fasta-refseqs-yale-denv1/MN912178.1_2017-07-31	MN912178.1_2017-07-31	1	1I	1I_E	1I_E.1	1I_E.1.1	1/1I/1I_E/1I_E.1/1I_E.1.1	MN912178.1_2017-07-31/1/1I/1I_E/1I_E.1	-	-	-
alignment/AL_UNC_DENV1_YALE/member/fasta-refseqs-yale-denv1/MN912182.1_2017-07-31	MN912182.1_2017-07-31	1	1I	1I_E	1I_E.1	1I_E.1.1	1/1I/1I_E/1I_E.1/1I_E.1.1	MN912182.1_2017-07-31/1/1I/1I_E/1I_E.1	-	-	-
alignment/AL_UNC_DENV1_YALE/member/fasta-refseqs-yale-denv1/MN912183.1_2017-07-31	MN912183.1_2017-07-31	1	1I	1I_E	1I_E.1	1I_E.1.1	1/1I/1I_E/1I_E.1/1I_E.1.1	MN912183.1_2017-07-31/1/1I/1I_E/1I_E.1	-	-	-
alignment/AL_UNC_DENV1_YALE/member/fasta-refseqs-yale-denv1/MN912185.1_2017-07-31	MN912185.1_2017-07-31	1	1I	1I_E	1I_E.1	1I_E.1.1	1/1I/1I_E/1I_E.1/1I_E.1.1	MN912185.1_2017-07-31/1/1I/1I_E/1I_E.1	-	-	-
alignment/AL_UNC_DENV1_YALE/member/fasta-refseqs-yale-denv1/MN912188.1_2017-07-31	MN912188.1_2017-07-31	1	1I	1I_E	1I_E.1	1I_E.1.1	1/1I/1I_E/1I_E.1/1I_E.1.1	MN912188.1_2017-07-31/1/1I/1I_E/1I_E.1	-	-	-
alignment/AL_UNC_DENV1_YALE/member/fasta-refseqs-yale-denv1/MN912190.1_2017-07-31	MN912190.1_2017-07-31	1	1I	1I_E	1I_E.1	1I_E.1.1	1/1I/1I_E/1I_E.1/1I_E.1.1	MN912190.1_2017-07-31/1/1I/1I_E/1I_E.1	-	-	-
alignment/AL_UNC_DENV1_YALE/member/fasta-refseqs-yale-denv1/MN912192.1_2017-07-31	MN912192.1_2017-07-31	1	1I	1I_E	1I_E.1	1I_E.1.1	1/1I/1I_E/1I_E.1/1I_E.1.1	MN912192.1_2017-07-31/1/1I/1I_E/1I_E.1	-	-	-
alignment/AL_UNC_DENV1_YALE/member/fasta-refseqs-yale-denv1/MN923088.1_2019-10-25	MN923088.1_2019-10-25	1	1I	1I_K	1I_K.1	1I_K.1.1	1/1I/1I_K/1I_K.1/1I_K.1.1	MN923088.1_2019-10-25/1/1I/1I_K/1I_K.1	-	-	-
alignment/AL_UNC_DENV1_YALE/member/fasta-refseqs-yale-denv1/MN923105.1_2019-08-26	MN923105.1_2019-08-26	1	1IV	1IV_B	1IV_B.1	-	1/1IV/1IV_B/1IV_B.1/-	MN923105.1_2019-08-26/1/1IV/1IV_B/1IV_B.1	-	-	-
alignment/AL_UNC_DENV1_YALE/member/fasta-refseqs-yale-denv1/MN933654.1_2014-07-24	MN933654.1_2014-07-24	1	1I	1I_K	1I_K.6	-	1/1I/1I_K/1I_K.6/-	MN933654.1_2014-07-24/1/1I/1I_K/1I_K.6	-	-	-
alignment/AL_UNC_DENV1_YALE/member/fasta-refseqs-yale-denv1/MN933656.1_2014-09-23	MN933656.1_2014-09-23	1	1I	1I_J	-	-	1/1I/1I_J/-/-	MN933656.1_2014-09-23/1/1I/1I_J/-	-	-	-
alignment/AL_UNC_DENV1_YALE/member/fasta-refseqs-yale-denv1/MN933659.1_2015-04-21	MN933659.1_2015-04-21	1	1I	1I_K	1I_K.6	-	1/1I/1I_K/1I_K.6/-	MN933659.1_2015-04-21/1/1I/1I_K/1I_K.6	-	-	-
alignment/AL_UNC_DENV1_YALE/member/fasta-refseqs-yale-denv1/MN933660.1_2016-04-28	MN933660.1_2016-04-28	1	1I	1I_K	1I_K.3	-	1/1I/1I_K/1I_K.3/-	MN933660.1_2016-04-28/1/1I/1I_K/1I_K.3	-	-	-
alignment/AL_UNC_DENV1_YALE/member/fasta-refseqs-yale-denv1/MN933664.1_2017-08-15	MN933664.1_2017-08-15	1	1I	1I_K	1I_K.1	1I_K.1.2	1/1I/1I_K/1I_K.1/1I_K.1.2	MN933664.1_2017-08-15/1/1I/1I_K/1I_K.1	-	-	-
alignment/AL_UNC_DENV1_YALE/member/fasta-refseqs-yale-denv1/MN933665.1_2017-07-31	MN933665.1_2017-07-31	1	1I	1I_K	1I_K.3	-	1/1I/1I_K/1I_K.3/-	MN933665.1_2017-07-31/1/1I/1I_K/1I_K.3	-	-	-
alignment/AL_UNC_DENV1_YALE/member/fasta-refseqs-yale-denv1/MN933667.1_2018-08-09	MN933667.1_2018-08-09	1	1I	1I_K	1I_K.1	1I_K.1.2	1/1I/1I_K/1I_K.1/1I_K.1.2	MN933667.1_2018-08-09/1/1I/1I_K/1I_K.1	-	-	-
alignment/AL_UNC_DENV1_YALE/member/fasta-refseqs-yale-denv1/MN933669.1_2018-10-16	MN933669.1_2018-10-16	1	1I	1I_E	1I_E.1	-	1/1I/1I_E/1I_E.1/-	MN933669.1_2018-10-16/1/1I/1I_E/1I_E.1	-	-	-
alignment/AL_UNC_DENV1_YALE/member/fasta-refseqs-yale-denv1/MN960676.1_2019-11-16	MN960676.1_2019-11-16	1	1I	1I_H	1I_H.1	-	1/1I/1I_H/1I_H.1/-	MN960676.1_2019-11-16/1/1I/1I_H/1I_H.1	-	-	-
alignment/AL_UNC_DENV1_YALE/member/fasta-refseqs-yale-denv1/MT397276.1_2015-11	MT397276.1_2015-11	1	1I	1I_J	-	-	1/1I/1I_J/-/-	MT397276.1_2015-11/1/1I/1I_J/-	-	-	-
alignment/AL_UNC_DENV1_YALE/member/fasta-refseqs-yale-denv1/MT832032.1_2013	MT832032.1_2013	1	1IV	1IV_B	1IV_B.1	-	1/1IV/1IV_B/1IV_B.1/-	MT832032.1_2013/1/1IV/1IV_B/1IV_B.1	-	-	-
alignment/AL_UNC_DENV1_YALE/member/fasta-refseqs-yale-denv1/MT832033.1_2015	MT832033.1_2015	1	1IV	1IV_B	1IV_B.2	-	1/1IV/1IV_B/1IV_B.2/-	MT832033.1_2015/1/1IV/1IV_B/1IV_B.2	-	-	-
alignment/AL_UNC_DENV1_YALE/member/fasta-refseqs-yale-denv1/MT832037.1_2012	MT832037.1_2012	1	1IV	1IV_B	1IV_B.2	-	1/1IV/1IV_B/1IV_B.2/-	MT832037.1_2012/1/1IV/1IV_B/1IV_B.2	-	-	-
alignment/AL_UNC_DENV1_YALE/member/fasta-refseqs-yale-denv1/MT832040.1_2012	MT832040.1_2012	1	1IV	1IV_B	1IV_B.2	-	1/1IV/1IV_B/1IV_B.2/-	MT832040.1_2012/1/1IV/1IV_B/1IV_B.2	-	-	-
alignment/AL_UNC_DENV1_YALE/member/fasta-refseqs-yale-denv1/MT832048.1_2013	MT832048.1_2013	1	1IV	1IV_B	1IV_B.1	-	1/1IV/1IV_B/1IV_B.1/-	MT832048.1_2013/1/1IV/1IV_B/1IV_B.1	-	-	-
alignment/AL_UNC_DENV1_YALE/member/fasta-refseqs-yale-denv1/MT862857.1_2019-05-13	MT862857.1_2019-05-13	1	1V	1V_E	1V_E.1	-	1/1V/1V_E/1V_E.1/-	MT862857.1_2019-05-13/1/1V/1V_E/1V_E.1	-	-	-
alignment/AL_UNC_DENV1_YALE/member/fasta-refseqs-yale-denv1/MT899083.1_2019-09-29	MT899083.1_2019-09-29	1	1V	1V_D	1V_D.1	-	1/1V/1V_D/1V_D.1/-	MT899083.1_2019-09-29/1/1V/1V_D/1V_D.1	-	-	-
alignment/AL_UNC_DENV1_YALE/member/fasta-refseqs-yale-denv1/MT929160.1_2019-10-07	MT929160.1_2019-10-07	1	1V	1V_B	-	-	1/1V/1V_B/-/-	MT929160.1_2019-10-07/1/1V/1V_B/-	-	-	-
alignment/AL_UNC_DENV1_YALE/member/fasta-refseqs-yale-denv1/MT929552.1_2018-04-12	MT929552.1_2018-04-12	1	1V	1V_A	-	-	1/1V/1V_A/-/-	MT929552.1_2018-04-12/1/1V/1V_A/-	-	-	-
alignment/AL_UNC_DENV1_YALE/member/fasta-refseqs-yale-denv1/MW243006.1_2016-06-19	MW243006.1_2016-06-19	1	1VII	1VII_A	-	-	1/1VII/1VII_A/-/-	MW243006.1_2016-06-19/1/1VII/1VII_A/-	-	-	-
alignment/AL_UNC_DENV1_YALE/member/fasta-refseqs-yale-denv1/MW265665.1_2016-08-07	MW265665.1_2016-08-07	1	1I	1I_E	1I_E.4	-	1/1I/1I_E/1I_E.4/-	MW265665.1_2016-08-07/1/1I/1I_E/1I_E.4	-	-	-
alignment/AL_UNC_DENV1_YALE/member/fasta-refseqs-yale-denv1/MW265666.1_2016-08-22	MW265666.1_2016-08-22	1	1I	1I_E	1I_E.4	-	1/1I/1I_E/1I_E.4/-	MW265666.1_2016-08-22/1/1I/1I_E/1I_E.4	-	-	-
alignment/AL_UNC_DENV1_YALE/member/fasta-refseqs-yale-denv1/MW265667.1_2016-02-09	MW265667.1_2016-02-09	1	1I	1I_E	-	-	1/1I/1I_E/-/-	MW265667.1_2016-02-09/1/1I/1I_E/-	-	-	-
alignment/AL_UNC_DENV1_YALE/member/fasta-refseqs-yale-denv1/MW265693.1_2012-04-28	MW265693.1_2012-04-28	1	1IV	1IV_A	-	-	1/1IV/1IV_A/-/-	MW265693.1_2012-04-28/1/1IV/1IV_A/-	-	-	-
alignment/AL_UNC_DENV1_YALE/member/fasta-refseqs-yale-denv1/MW265710.1_2016-04-27	MW265710.1_2016-04-27	1	1I	1I_E	1I_E.2	-	1/1I/1I_E/1I_E.2/-	MW265710.1_2016-04-27/1/1I/1I_E/1I_E.2	-	-	-
alignment/AL_UNC_DENV1_YALE/member/fasta-refseqs-yale-denv1/MW315182.1_2017-03-10	MW315182.1_2017-03-10	1	1I	1I_E	1I_E.2	-	1/1I/1I_E/1I_E.2/-	MW315182.1_2017-03-10/1/1I/1I_E/1I_E.2	-	-	-
alignment/AL_UNC_DENV1_YALE/member/fasta-refseqs-yale-denv1/MW315184.1_2017-04-12	MW315184.1_2017-04-12	1	1I	1I_E	1I_E.2	-	1/1I/1I_E/1I_E.2/-	MW315184.1_2017-04-12/1/1I/1I_E/1I_E.2	-	-	-
alignment/AL_UNC_DENV1_YALE/member/fasta-refseqs-yale-denv1/MW315188.1_2017-03-17	MW315188.1_2017-03-17	1	1I	1I_E	1I_E.2	-	1/1I/1I_E/1I_E.2/-	MW315188.1_2017-03-17/1/1I/1I_E/1I_E.2	-	-	-
alignment/AL_UNC_DENV1_YALE/member/fasta-refseqs-yale-denv1/MW315190.1_2017-03-29	MW315190.1_2017-03-29	1	1I	1I_E	1I_E.2	-	1/1I/1I_E/1I_E.2/-	MW315190.1_2017-03-29/1/1I/1I_E/1I_E.2	-	-	-
alignment/AL_UNC_DENV1_YALE/member/fasta-refseqs-yale-denv1/MW315195.1_2017-06-05	MW315195.1_2017-06-05	1	1I	1I_E	1I_E.2	-	1/1I/1I_E/1I_E.2/-	MW315195.1_2017-06-05/1/1I/1I_E/1I_E.2	-	-	-
alignment/AL_UNC_DENV1_YALE/member/fasta-refseqs-yale-denv1/MW377899.1_2014-12-10	MW377899.1_2014-12-10	1	1V	1V_F	-	-	1/1V/1V_F/-/-	MW377899.1_2014-12-10/1/1V/1V_F/-	-	-	-
alignment/AL_UNC_DENV1_YALE/member/fasta-refseqs-yale-denv1/MW386867.1_2019-10	MW386867.1_2019-10	1	1I	1I_H	1I_H.1	-	1/1I/1I_H/1I_H.1/-	MW386867.1_2019-10/1/1I/1I_H/1I_H.1	-	-	-
alignment/AL_UNC_DENV1_YALE/member/fasta-refseqs-yale-denv1/MW582813.1_2019-06-21	MW582813.1_2019-06-21	1	1IV	-	-	-	1/1IV/-/-/-	MW582813.1_2019-06-21/1/1IV/-/-	-	-	-
alignment/AL_UNC_DENV1_YALE/member/fasta-refseqs-yale-denv1/MW793709.1_2018-07	MW793709.1_2018-07	1	1I	1I_J	-	-	1/1I/1I_J/-/-	MW793709.1_2018-07/1/1I/1I_J/-	-	-	-
alignment/AL_UNC_DENV1_YALE/member/fasta-refseqs-yale-denv1/MW945782.1_2000	MW945782.1_2000	1	1I	1I_J	-	-	1/1I/1I_J/-/-	MW945782.1_2000/1/1I/1I_J/-	-	-	-
alignment/AL_UNC_DENV1_YALE/member/fasta-refseqs-yale-denv1/MW945829.1_1995	MW945829.1_1995	1	1I	1I_B	-	-	1/1I/1I_B/-/-	MW945829.1_1995/1/1I/1I_B/-	-	-	-
alignment/AL_UNC_DENV1_YALE/member/fasta-refseqs-yale-denv1/MW945835.1_1997	MW945835.1_1997	1	1I	1I_A	-	-	1/1I/1I_A/-/-	MW945835.1_1997/1/1I/1I_A/-	-	-	-
alignment/AL_UNC_DENV1_YALE/member/fasta-refseqs-yale-denv1/MW945844.1_1964	MW945844.1_1964	1	1II	-	-	-	1/1II/-/-/-	MW945844.1_1964/1/1II/-/-	-	-	-
alignment/AL_UNC_DENV1_YALE/member/fasta-refseqs-yale-denv1/MW945860.1_2013	MW945860.1_2013	1	1I	1I_K	1I_K.6	-	1/1I/1I_K/1I_K.6/-	MW945860.1_2013/1/1I/1I_K/1I_K.6	-	-	-
alignment/AL_UNC_DENV1_YALE/member/fasta-refseqs-yale-denv1/MW945936.1_2011	MW945936.1_2011	1	1I	1I_H	-	-	1/1I/1I_H/-/-	MW945936.1_2011/1/1I/1I_H/-	-	-	-
alignment/AL_UNC_DENV1_YALE/member/fasta-refseqs-yale-denv1/MW945952.1_1974	MW945952.1_1974	1	1IV	1IV_B	-	-	1/1IV/1IV_B/-/-	MW945952.1_1974/1/1IV/1IV_B/-	-	-	-
alignment/AL_UNC_DENV1_YALE/member/fasta-refseqs-yale-denv1/MW946016.1_1995	MW946016.1_1995	1	1I	1I_A	-	-	1/1I/1I_A/-/-	MW946016.1_1995/1/1I/1I_A/-	-	-	-
alignment/AL_UNC_DENV1_YALE/member/fasta-refseqs-yale-denv1/MW946055.1_2003	MW946055.1_2003	1	1I	1I_F	-	-	1/1I/1I_F/-/-	MW946055.1_2003/1/1I/1I_F/-	-	-	-
alignment/AL_UNC_DENV1_YALE/member/fasta-refseqs-yale-denv1/MW946065.1_1996	MW946065.1_1996	1	1I	1I_B	-	-	1/1I/1I_B/-/-	MW946065.1_1996/1/1I/1I_B/-	-	-	-
alignment/AL_UNC_DENV1_YALE/member/fasta-refseqs-yale-denv1/MW946070.1_2006	MW946070.1_2006	1	1I	1I_H	1I_H.3	-	1/1I/1I_H/1I_H.3/-	MW946070.1_2006/1/1I/1I_H/1I_H.3	-	-	-
alignment/AL_UNC_DENV1_YALE/member/fasta-refseqs-yale-denv1/MW946075.1_2010	MW946075.1_2010	1	1I	1I_F	-	-	1/1I/1I_F/-/-	MW946075.1_2010/1/1I/1I_F/-	-	-	-
alignment/AL_UNC_DENV1_YALE/member/fasta-refseqs-yale-denv1/MW946093.1_1996	MW946093.1_1996	1	1I	1I_F	-	-	1/1I/1I_F/-/-	MW946093.1_1996/1/1I/1I_F/-	-	-	-
alignment/AL_UNC_DENV1_YALE/member/fasta-refseqs-yale-denv1/MW946105.1_2006	MW946105.1_2006	1	1I	1I_H	1I_H.3	-	1/1I/1I_H/1I_H.3/-	MW946105.1_2006/1/1I/1I_H/1I_H.3	-	-	-
alignment/AL_UNC_DENV1_YALE/member/fasta-refseqs-yale-denv1/MW946158.1_1999	MW946158.1_1999	1	1I	1I_G	-	-	1/1I/1I_G/-/-	MW946158.1_1999/1/1I/1I_G/-	-	-	-
alignment/AL_UNC_DENV1_YALE/member/fasta-refseqs-yale-denv1/MW946160.1_1998	MW946160.1_1998	1	1I	1I_A	-	-	1/1I/1I_A/-/-	MW946160.1_1998/1/1I/1I_A/-	-	-	-
alignment/AL_UNC_DENV1_YALE/member/fasta-refseqs-yale-denv1/MW946178.1_1997	MW946178.1_1997	1	1I	1I_H	-	-	1/1I/1I_H/-/-	MW946178.1_1997/1/1I/1I_H/-	-	-	-
alignment/AL_UNC_DENV1_YALE/member/fasta-refseqs-yale-denv1/MW946221.1_2006	MW946221.1_2006	1	1I	1I_K	1I_K.7	-	1/1I/1I_K/1I_K.7/-	MW946221.1_2006/1/1I/1I_K/1I_K.7	-	-	-
alignment/AL_UNC_DENV1_YALE/member/fasta-refseqs-yale-denv1/MW946238.1_2014	MW946238.1_2014	1	1I	1I_K	1I_K.1	1I_K.1.2	1/1I/1I_K/1I_K.1/1I_K.1.2	MW946238.1_2014/1/1I/1I_K/1I_K.1	-	-	-
alignment/AL_UNC_DENV1_YALE/member/fasta-refseqs-yale-denv1/MZ008452.1_2014	MZ008452.1_2014	1	1V	1V_B	-	-	1/1V/1V_B/-/-	MZ008452.1_2014/1/1V/1V_B/-	-	-	-
alignment/AL_UNC_DENV1_YALE/member/fasta-refseqs-yale-denv1/MZ008453.1_2013	MZ008453.1_2013	1	1V	1V_C	-	-	1/1V/1V_C/-/-	MZ008453.1_2013/1/1V/1V_C/-	-	-	-
alignment/AL_UNC_DENV1_YALE/member/fasta-refseqs-yale-denv1/MZ130532.1_2016-04-06	MZ130532.1_2016-04-06	1	1VII	1VII_A	-	-	1/1VII/1VII_A/-/-	MZ130532.1_2016-04-06/1/1VII/1VII_A/-	-	-	-
alignment/AL_UNC_DENV1_YALE/member/fasta-refseqs-yale-denv1/MZ130534.1_2019-05-28	MZ130534.1_2019-05-28	1	1VII	1VII_A	-	-	1/1VII/1VII_A/-/-	MZ130534.1_2019-05-28/1/1VII/1VII_A/-	-	-	-
alignment/AL_UNC_DENV1_YALE/member/fasta-refseqs-yale-denv1/MZ130535.1_2016-05-09	MZ130535.1_2016-05-09	1	1VII	1VII_A	-	-	1/1VII/1VII_A/-/-	MZ130535.1_2016-05-09/1/1VII/1VII_A/-	-	-	-
alignment/AL_UNC_DENV1_YALE/member/fasta-refseqs-yale-denv1/MZ291446.1_2020-08	MZ291446.1_2020-08	1	1I	1I_K	1I_K.2	-	1/1I/1I_K/1I_K.2/-	MZ291446.1_2020-08/1/1I/1I_K/1I_K.2	-	-	-
alignment/AL_UNC_DENV1_YALE/member/fasta-refseqs-yale-denv1/MZ343259.1_2015-11	MZ343259.1_2015-11	1	1V	1V_B	-	-	1/1V/1V_B/-/-	MZ343259.1_2015-11/1/1V/1V_B/-	-	-	-
alignment/AL_UNC_DENV1_YALE/member/fasta-refseqs-yale-denv1/MZ857205.1_2013	MZ857205.1_2013	1	1VII	1VII_A	-	-	1/1VII/1VII_A/-/-	MZ857205.1_2013/1/1VII/1VII_A/-	-	-	-
alignment/AL_UNC_DENV1_YALE/member/ncbi-master-refseqs/NC_001477	NC_001477	1	1IV	1IV_B	-	-	1/1IV/1IV_B/-/-	NC_001477/1/1IV/1IV_B/-	-	-	-
alignment/AL_UNC_DENV1_YALE/member/fasta-refseqs-yale-denv1/OA01_1973	OA01_1973	1	1III	-	-	-	1/1III/-/-/-	OA01_1973/1/1III/-/-	-	-	-
alignment/AL_UNC_DENV1_YALE/member/fasta-refseqs-yale-denv1/OA08_2011	OA08_2011	1	1V	1V_G	-	-	1/1V/1V_G/-/-	OA08_2011/1/1V/1V_G/-	-	-	-
alignment/AL_UNC_DENV1_YALE/member/fasta-refseqs-yale-denv1/OA10_2012	OA10_2012	1	1V	1V_G	-	-	1/1V/1V_G/-/-	OA10_2012/1/1V/1V_G/-	-	-	-
alignment/AL_UNC_DENV1_YALE/member/fasta-refseqs-yale-denv1/OK040060.1_2011	OK040060.1_2011	1	1I	1I_B	-	-	1/1I/1I_B/-/-	OK040060.1_2011/1/1I/1I_B/-	-	-	-
alignment/AL_UNC_DENV1_YALE/member/fasta-refseqs-yale-denv1/OK469341.1_1992	OK469341.1_1992	1	1IV	1IV_A	-	-	1/1IV/1IV_A/-/-	OK469341.1_1992/1/1IV/1IV_A/-	-	-	-
alignment/AL_UNC_DENV1_YALE/member/fasta-refseqs-yale-denv1/OK469344.1_1975	OK469344.1_1975	1	1IV	1IV_B	-	-	1/1IV/1IV_B/-/-	OK469344.1_1975/1/1IV/1IV_B/-	-	-	-
alignment/AL_UNC_DENV1_YALE/member/fasta-refseqs-yale-denv1/OK605754.1_1997	OK605754.1_1997	1	1V	1V_H	-	-	1/1V/1V_H/-/-	OK605754.1_1997/1/1V/1V_H/-	-	-	-
alignment/AL_UNC_DENV1_YALE/member/fasta-refseqs-yale-denv1/OL321180.1_2016-02-08	OL321180.1_2016-02-08	1	1IV	1IV_A	-	-	1/1IV/1IV_A/-/-	OL321180.1_2016-02-08/1/1IV/1IV_A/-	-	-	-
alignment/AL_UNC_DENV1_YALE/member/fasta-refseqs-yale-denv1/OL411495.1_2020-07	OL411495.1_2020-07	1	1I	1I_K	1I_K.1	1I_K.1.1	1/1I/1I_K/1I_K.1/1I_K.1.1	OL411495.1_2020-07/1/1I/1I_K/1I_K.1	-	-	-
alignment/AL_UNC_DENV1_YALE/member/fasta-refseqs-yale-denv1/OM281571.1_2018-12	OM281571.1_2018-12	1	1I	1I_K	1I_K.3	-	1/1I/1I_K/1I_K.3/-	OM281571.1_2018-12/1/1I/1I_K/1I_K.3	-	-	-
alignment/AL_UNC_DENV1_YALE/member/fasta-refseqs-yale-denv1/OM281589.1_2019-12	OM281589.1_2019-12	1	1IV	1IV_B	1IV_B.2	-	1/1IV/1IV_B/1IV_B.2/-	OM281589.1_2019-12/1/1IV/1IV_B/1IV_B.2	-	-	-
alignment/AL_UNC_DENV1_YALE/member/fasta-refseqs-yale-denv1/OM281590.1_2019-12	OM281590.1_2019-12	1	1I	1I_K	1I_K.2	-	1/1I/1I_K/1I_K.2/-	OM281590.1_2019-12/1/1I/1I_K/1I_K.2	-	-	-
alignment/AL_UNC_DENV1_YALE/member/fasta-refseqs-yale-denv1/OM281593.1_2019-12	OM281593.1_2019-12	1	1I	1I_K	1I_K.1	1I_K.1.1	1/1I/1I_K/1I_K.1/1I_K.1.1	OM281593.1_2019-12/1/1I/1I_K/1I_K.1	-	-	-
alignment/AL_UNC_DENV1_YALE/member/fasta-refseqs-yale-denv1/OM281599.1_2020-12	OM281599.1_2020-12	1	1IV	1IV_B	1IV_B.1	-	1/1IV/1IV_B/1IV_B.1/-	OM281599.1_2020-12/1/1IV/1IV_B/1IV_B.1	-	-	-
alignment/AL_UNC_DENV1_YALE/member/fasta-refseqs-yale-denv1/OM833055.1_2020-02-18	OM833055.1_2020-02-18	1	1V	1V_E	1V_E.2	-	1/1V/1V_E/1V_E.2/-	OM833055.1_2020-02-18/1/1V/1V_E/1V_E.2	-	-	-
alignment/AL_UNC_DENV1_YALE/member/fasta-refseqs-yale-denv1/OM833058.1_2020-06-27	OM833058.1_2020-06-27	1	1V	1V_E	1V_E.2	-	1/1V/1V_E/1V_E.2/-	OM833058.1_2020-06-27/1/1V/1V_E/1V_E.2	-	-	-
alignment/AL_UNC_DENV1_YALE/member/fasta-refseqs-yale-denv1/OM833059.1_2013-07-24	OM833059.1_2013-07-24	1	1V	1V_E	1V_E.3	-	1/1V/1V_E/1V_E.3/-	OM833059.1_2013-07-24/1/1V/1V_E/1V_E.3	-	-	-
alignment/AL_UNC_DENV1_YALE/member/fasta-refseqs-yale-denv1/ON038484.1_2009-12-14	ON038484.1_2009-12-14	1	1I	1I_F	-	-	1/1I/1I_F/-/-	ON038484.1_2009-12-14/1/1I/1I_F/-	-	-	-
alignment/AL_UNC_DENV1_YALE/member/fasta-refseqs-yale-denv1/ON038487.1_2011-06-09	ON038487.1_2011-06-09	1	1I	1I_K	1I_K.6	-	1/1I/1I_K/1I_K.6/-	ON038487.1_2011-06-09/1/1I/1I_K/1I_K.6	-	-	-
alignment/AL_UNC_DENV1_YALE/member/fasta-refseqs-yale-denv1/ON038490.1_2012-11-26	ON038490.1_2012-11-26	1	1I	1I_K	1I_K.5	-	1/1I/1I_K/1I_K.5/-	ON038490.1_2012-11-26/1/1I/1I_K/1I_K.5	-	-	-
alignment/AL_UNC_DENV1_YALE/member/fasta-refseqs-yale-denv1/ON109597.1_2021	ON109597.1_2021	1	1III	1III_A	1III_A.3	-	1/1III/1III_A/1III_A.3/-	ON109597.1_2021/1/1III/1III_A/1III_A.3	-	-	-
alignment/AL_UNC_DENV1_YALE/member/fasta-refseqs-yale-denv1/ON123574.1_2021-07-07	ON123574.1_2021-07-07	1	1V	1V_D	1V_D.1	1V_D.1.1	1/1V/1V_D/1V_D.1/1V_D.1.1	ON123574.1_2021-07-07/1/1V/1V_D/1V_D.1	-	-	-
alignment/AL_UNC_DENV1_YALE/member/fasta-refseqs-yale-denv1/ON123575.1_2021-08-03	ON123575.1_2021-08-03	1	1V	1V_D	1V_D.1	1V_D.1.2	1/1V/1V_D/1V_D.1/1V_D.1.2	ON123575.1_2021-08-03/1/1V/1V_D/1V_D.1	-	-	-
alignment/AL_UNC_DENV1_YALE/member/fasta-refseqs-yale-denv1/ON123586.1_2021-05-07	ON123586.1_2021-05-07	1	1V	1V_D	1V_D.1	1V_D.1.2	1/1V/1V_D/1V_D.1/1V_D.1.2	ON123586.1_2021-05-07/1/1V/1V_D/1V_D.1	-	-	-
alignment/AL_UNC_DENV1_YALE/member/fasta-refseqs-yale-denv1/ON123596.1_2021-08-20	ON123596.1_2021-08-20	1	1V	1V_D	1V_D.2	-	1/1V/1V_D/1V_D.2/-	ON123596.1_2021-08-20/1/1V/1V_D/1V_D.2	-	-	-
alignment/AL_UNC_DENV1_YALE/member/fasta-refseqs-yale-denv1/ON123650.1_2020	ON123650.1_2020	1	1III	1III_A	1III_A.3	-	1/1III/1III_A/1III_A.3/-	ON123650.1_2020/1/1III/1III_A/1III_A.3	-	-	-
alignment/AL_UNC_DENV1_YALE/member/fasta-refseqs-yale-denv1/ON123656.1_2019	ON123656.1_2019	1	1III	1III_A	1III_A.3	-	1/1III/1III_A/1III_A.3/-	ON123656.1_2019/1/1III/1III_A/1III_A.3	-	-	-
alignment/AL_UNC_DENV1_YALE/member/fasta-refseqs-yale-denv1/ON123661.1_2018	ON123661.1_2018	1	1III	1III_A	1III_A.4	-	1/1III/1III_A/1III_A.4/-	ON123661.1_2018/1/1III/1III_A/1III_A.4	-	-	-
alignment/AL_UNC_DENV1_YALE/member/fasta-refseqs-yale-denv1/ON123666.1_2018	ON123666.1_2018	1	1I	1I_H	1I_H.1	-	1/1I/1I_H/1I_H.1/-	ON123666.1_2018/1/1I/1I_H/1I_H.1	-	-	-
alignment/AL_UNC_DENV1_YALE/member/fasta-refseqs-yale-denv1/ON426292.1_2020-01-22	ON426292.1_2020-01-22	1	1V	1V_C	-	-	1/1V/1V_C/-/-	ON426292.1_2020-01-22/1/1V/1V_C/-	-	-	-
alignment/AL_UNC_DENV1_YALE/member/fasta-refseqs-yale-denv1/ON426300.1_2021-03-26	ON426300.1_2021-03-26	1	1V	1V_D	1V_D.2	-	1/1V/1V_D/1V_D.2/-	ON426300.1_2021-03-26/1/1V/1V_D/1V_D.2	-	-	-
alignment/AL_UNC_DENV1_YALE/member/fasta-refseqs-yale-denv1/ON631278.1_2021	ON631278.1_2021	1	1I	1I_K	1I_K.2	-	1/1I/1I_K/1I_K.2/-	ON631278.1_2021/1/1I/1I_K/1I_K.2	-	-	-
alignment/AL_UNC_DENV1_YALE/member/fasta-refseqs-yale-denv1/ON632040.1_2022-04-12	ON632040.1_2022-04-12	1	1V	1V_D	1V_D.1	1V_D.1.1	1/1V/1V_D/1V_D.1/1V_D.1.1	ON632040.1_2022-04-12/1/1V/1V_D/1V_D.1	-	-	-
alignment/AL_UNC_DENV1_YALE/member/fasta-refseqs-yale-denv1/ON632053.1_2022-04-04	ON632053.1_2022-04-04	1	1V	1V_E	1V_E.1	-	1/1V/1V_E/1V_E.1/-	ON632053.1_2022-04-04/1/1V/1V_E/1V_E.1	-	-	-
alignment/AL_UNC_DENV1_YALE/member/fasta-refseqs-yale-denv1/ON632090.1_2022-03-25	ON632090.1_2022-03-25	1	1V	1V_F	-	-	1/1V/1V_F/-/-	ON632090.1_2022-03-25/1/1V/1V_F/-	-	-	-
alignment/AL_UNC_DENV1_YALE/member/fasta-refseqs-yale-denv1/ON632121.1_2022-03-17	ON632121.1_2022-03-17	1	1V	1V_E	1V_E.1	-	1/1V/1V_E/1V_E.1/-	ON632121.1_2022-03-17/1/1V/1V_E/1V_E.1	-	-	-
alignment/AL_UNC_DENV1_YALE/member/fasta-refseqs-yale-denv1/ON680908.1_2020-08-24	ON680908.1_2020-08-24	1	1III	1III_A	1III_A.4	-	1/1III/1III_A/1III_A.4/-	ON680908.1_2020-08-24/1/1III/1III_A/1III_A.4	-	-	-
alignment/AL_UNC_DENV1_YALE/member/fasta-refseqs-yale-denv1/OP895913.1_2017-01	OP895913.1_2017-01	1	1IV	1IV_B	1IV_B.2	-	1/1IV/1IV_B/1IV_B.2/-	OP895913.1_2017-01/1/1IV/1IV_B/1IV_B.2	-	-	-
alignment/AL_UNC_DENV1_YALE/member/fasta-refseqs-yale-denv1/OP898557.1_2022-04	OP898557.1_2022-04	1	1III	1III_A	1III_A.1	-	1/1III/1III_A/1III_A.1/-	OP898557.1_2022-04/1/1III/1III_A/1III_A.1	-	-	-
alignment/AL_UNC_DENV1_YALE/member/fasta-refseqs-yale-denv1/OP898558.1_2022-10	OP898558.1_2022-10	1	1III	1III_A	1III_A.1	-	1/1III/1III_A/1III_A.1/-	OP898558.1_2022-10/1/1III/1III_A/1III_A.1	-	-	-
alignment/AL_UNC_DENV1_YALE/member/fasta-refseqs-yale-denv1/OP984871.1_2022-08-12	OP984871.1_2022-08-12	1	1I	1I_K	1I_K.1	1I_K.1.1	1/1I/1I_K/1I_K.1/1I_K.1.1	OP984871.1_2022-08-12/1/1I/1I_K/1I_K.1	-	-	-
alignment/AL_UNC_DENV1_YALE/member/fasta-refseqs-yale-denv1/OQ080034.1_2020-08-17	OQ080034.1_2020-08-17	1	1I	1I_H	1I_H.1	-	1/1I/1I_H/1I_H.1/-	OQ080034.1_2020-08-17/1/1I/1I_H/1I_H.1	-	-	-
alignment/AL_UNC_DENV1_YALE/member/fasta-refseqs-yale-denv1/OQ426604.1_2019-04-23	OQ426604.1_2019-04-23	1	1I	1I_E	1I_E.1	-	1/1I/1I_E/1I_E.1/-	OQ426604.1_2019-04-23/1/1I/1I_E/1I_E.1	-	-	-
alignment/AL_UNC_DENV1_YALE/member/fasta-refseqs-yale-denv1/OQ426650.1_2017-02-24	OQ426650.1_2017-02-24	1	1I	1I_E	1I_E.3	-	1/1I/1I_E/1I_E.3/-	OQ426650.1_2017-02-24/1/1I/1I_E/1I_E.3	-	-	-
alignment/AL_UNC_DENV1_YALE/member/fasta-refseqs-yale-denv1/OQ426707.1_2017-07-06	OQ426707.1_2017-07-06	1	1I	1I_E	1I_E.3	-	1/1I/1I_E/1I_E.3/-	OQ426707.1_2017-07-06/1/1I/1I_E/1I_E.3	-	-	-
alignment/AL_UNC_DENV1_YALE/member/fasta-refseqs-yale-denv1/OQ445882.1_2022-08-15	OQ445882.1_2022-08-15	1	1V	1V_B	-	-	1/1V/1V_B/-/-	OQ445882.1_2022-08-15/1/1V/1V_B/-	-	-	-
alignment/AL_UNC_DENV1_YALE/member/fasta-refseqs-yale-denv1/OQ445884.1_2022-10-01	OQ445884.1_2022-10-01	1	1V	1V_E	1V_E.2	-	1/1V/1V_E/1V_E.2/-	OQ445884.1_2022-10-01/1/1V/1V_E/1V_E.2	-	-	-
alignment/AL_UNC_DENV1_YALE/member/fasta-refseqs-yale-denv1/OQ567778.1_2015-05-13	OQ567778.1_2015-05-13	1	1V	1V_E	1V_E.4	-	1/1V/1V_E/1V_E.4/-	OQ567778.1_2015-05-13/1/1V/1V_E/1V_E.4	-	-	-
alignment/AL_UNC_DENV1_YALE/member/fasta-refseqs-yale-denv1/OQ567781.1_2015-12-18	OQ567781.1_2015-12-18	1	1V	1V_E	1V_E.4	-	1/1V/1V_E/1V_E.4/-	OQ567781.1_2015-12-18/1/1V/1V_E/1V_E.4	-	-	-
alignment/AL_UNC_DENV1_YALE/member/fasta-refseqs-yale-denv1/OQ567786.1_2016-01-29	OQ567786.1_2016-01-29	1	1V	1V_E	1V_E.4	-	1/1V/1V_E/1V_E.4/-	OQ567786.1_2016-01-29/1/1V/1V_E/1V_E.4	-	-	-
alignment/AL_UNC_DENV1_YALE/member/fasta-refseqs-yale-denv1/OQ567790.1_2016-01-24	OQ567790.1_2016-01-24	1	1V	1V_E	1V_E.4	-	1/1V/1V_E/1V_E.4/-	OQ567790.1_2016-01-24/1/1V/1V_E/1V_E.4	-	-	-
alignment/AL_UNC_DENV1_YALE/member/fasta-refseqs-yale-denv1/OQ567798.1_2017-04-26	OQ567798.1_2017-04-26	1	1V	1V_E	1V_E.4	-	1/1V/1V_E/1V_E.4/-	OQ567798.1_2017-04-26/1/1V/1V_E/1V_E.4	-	-	-
alignment/AL_UNC_DENV1_YALE/member/fasta-refseqs-yale-denv1/OQ593388.1_2017-06-24	OQ593388.1_2017-06-24	1	1VII	1VII_B	-	-	1/1VII/1VII_B/-/-	OQ593388.1_2017-06-24/1/1VII/1VII_B/-	-	-	-
alignment/AL_UNC_DENV1_YALE/member/fasta-refseqs-yale-denv1/OQ593389.1_2017-06-21	OQ593389.1_2017-06-21	1	1VII	1VII_B	-	-	1/1VII/1VII_B/-/-	OQ593389.1_2017-06-21/1/1VII/1VII_B/-	-	-	-
alignment/AL_UNC_DENV1_YALE/member/fasta-refseqs-yale-denv1/OQ593392.1_2017-04-13	OQ593392.1_2017-04-13	1	1VII	1VII_B	-	-	1/1VII/1VII_B/-/-	OQ593392.1_2017-04-13/1/1VII/1VII_B/-	-	-	-
alignment/AL_UNC_DENV1_YALE/member/fasta-refseqs-yale-denv1/OQ603259.1_2013-06-01	OQ603259.1_2013-06-01	1	1V	1V_D	1V_D.1	-	1/1V/1V_D/1V_D.1/-	OQ603259.1_2013-06-01/1/1V/1V_D/1V_D.1	-	-	-
alignment/AL_UNC_DENV1_YALE/member/fasta-refseqs-yale-denv1/OQ603263.1_2016-06-24	OQ603263.1_2016-06-24	1	1V	1V_D	1V_D.1	1V_D.1.2	1/1V/1V_D/1V_D.1/1V_D.1.2	OQ603263.1_2016-06-24/1/1V/1V_D/1V_D.1	-	-	-
alignment/AL_UNC_DENV1_YALE/member/fasta-refseqs-yale-denv1/OQ605977.1_2022-03-15	OQ605977.1_2022-03-15	1	1V	1V_E	1V_E.1	-	1/1V/1V_E/1V_E.1/-	OQ605977.1_2022-03-15/1/1V/1V_E/1V_E.1	-	-	-
alignment/AL_UNC_DENV1_YALE/member/fasta-refseqs-yale-denv1/OQ605987.1_2022-03-31	OQ605987.1_2022-03-31	1	1V	1V_A	-	-	1/1V/1V_A/-/-	OQ605987.1_2022-03-31/1/1V/1V_A/-	-	-	-
alignment/AL_UNC_DENV1_YALE/member/fasta-refseqs-yale-denv1/OQ678061.1_2019-12-17	OQ678061.1_2019-12-17	1	1I	1I_K	1I_K.1	1I_K.1.1	1/1I/1I_K/1I_K.1/1I_K.1.1	OQ678061.1_2019-12-17/1/1I/1I_K/1I_K.1	-	-	-
alignment/AL_UNC_DENV1_YALE/member/fasta-refseqs-yale-denv1/OQ821326.1_2020-03-15	OQ821326.1_2020-03-15	1	1V	1V_D	1V_D.2	-	1/1V/1V_D/1V_D.2/-	OQ821326.1_2020-03-15/1/1V/1V_D/1V_D.2	-	-	-
alignment/AL_UNC_DENV1_YALE/member/fasta-refseqs-yale-denv1/OQ821332.1_2016-03-15	OQ821332.1_2016-03-15	1	1V	1V_C	-	-	1/1V/1V_C/-/-	OQ821332.1_2016-03-15/1/1V/1V_C/-	-	-	-
alignment/AL_UNC_DENV1_YALE/member/fasta-refseqs-yale-denv1/OQ821340.1_2021-11-16	OQ821340.1_2021-11-16	1	1V	1V_E	1V_E.2	-	1/1V/1V_E/1V_E.2/-	OQ821340.1_2021-11-16/1/1V/1V_E/1V_E.2	-	-	-
alignment/AL_UNC_DENV1_YALE/member/fasta-refseqs-yale-denv1/OQ821348.1_2022-08-28	OQ821348.1_2022-08-28	1	1V	1V_D	1V_D.1	1V_D.1.1	1/1V/1V_D/1V_D.1/1V_D.1.1	OQ821348.1_2022-08-28/1/1V/1V_D/1V_D.1	-	-	-
alignment/AL_UNC_DENV1_YALE/member/fasta-refseqs-yale-denv1/OQ821349.1_2022-09-01	OQ821349.1_2022-09-01	1	1V	1V_D	1V_D.1	1V_D.1.1	1/1V/1V_D/1V_D.1/1V_D.1.1	OQ821349.1_2022-09-01/1/1V/1V_D/1V_D.1	-	-	-
alignment/AL_UNC_DENV1_YALE/member/fasta-refseqs-yale-denv1/OQ821367.1_2022-12-07	OQ821367.1_2022-12-07	1	1V	1V_D	1V_D.1	1V_D.1.2	1/1V/1V_D/1V_D.1/1V_D.1.2	OQ821367.1_2022-12-07/1/1V/1V_D/1V_D.1	-	-	-
alignment/AL_UNC_DENV1_YALE/member/fasta-refseqs-yale-denv1/OQ821377.1_2013-08-29	OQ821377.1_2013-08-29	1	1V	1V_E	1V_E.2	-	1/1V/1V_E/1V_E.2/-	OQ821377.1_2013-08-29/1/1V/1V_E/1V_E.2	-	-	-
alignment/AL_UNC_DENV1_YALE/member/fasta-refseqs-yale-denv1/OQ832613.1_2020-09	OQ832613.1_2020-09	1	1I	1I_E	1I_E.3	-	1/1I/1I_E/1I_E.3/-	OQ832613.1_2020-09/1/1I/1I_E/1I_E.3	-	-	-
alignment/AL_UNC_DENV1_YALE/member/fasta-refseqs-yale-denv1/OQ832614.1_2020-09	OQ832614.1_2020-09	1	1I	1I_E	1I_E.3	-	1/1I/1I_E/1I_E.3/-	OQ832614.1_2020-09/1/1I/1I_E/1I_E.3	-	-	-
alignment/AL_UNC_DENV1_YALE/member/fasta-refseqs-yale-denv1/OR025607.1_2023-03-29	OR025607.1_2023-03-29	1	1V	1V_D	1V_D.2	-	1/1V/1V_D/1V_D.2/-	OR025607.1_2023-03-29/1/1V/1V_D/1V_D.2	-	-	-
alignment/AL_UNC_DENV1_YALE/member/fasta-refseqs-yale-denv1/OR025611.1_2023-04-08	OR025611.1_2023-04-08	1	1V	1V_D	1V_D.2	-	1/1V/1V_D/1V_D.2/-	OR025611.1_2023-04-08/1/1V/1V_D/1V_D.2	-	-	-
alignment/AL_UNC_DENV1_YALE/member/fasta-refseqs-yale-denv1/OR167130.1_2023-03-03	OR167130.1_2023-03-03	1	1V	1V_D	1V_D.1	1V_D.1.1	1/1V/1V_D/1V_D.1/1V_D.1.1	OR167130.1_2023-03-03/1/1V/1V_D/1V_D.1	-	-	-
alignment/AL_UNC_DENV1_YALE/member/fasta-refseqs-yale-denv1/OR167255.1_2023-03-23	OR167255.1_2023-03-23	1	1V	1V_E	1V_E.1	-	1/1V/1V_E/1V_E.1/-	OR167255.1_2023-03-23/1/1V/1V_E/1V_E.1	-	-	-
alignment/AL_UNC_DENV1_YALE/member/fasta-refseqs-yale-denv1/OR235532.1_2022-04	OR235532.1_2022-04	1	1III	1III_A	1III_A.2	-	1/1III/1III_A/1III_A.2/-	OR235532.1_2022-04/1/1III/1III_A/1III_A.2	-	-	-
alignment/AL_UNC_DENV1_YALE/member/fasta-refseqs-yale-denv1/OR235645.1_2021-06	OR235645.1_2021-06	1	1III	1III_A	1III_A.2	-	1/1III/1III_A/1III_A.2/-	OR235645.1_2021-06/1/1III/1III_A/1III_A.2	-	-	-
alignment/AL_UNC_DENV1_YALE/member/fasta-refseqs-yale-denv1/OR235733.1_2019-12	OR235733.1_2019-12	1	1III	1III_A	1III_A.2	-	1/1III/1III_A/1III_A.2/-	OR235733.1_2019-12/1/1III/1III_A/1III_A.2	-	-	-
alignment/AL_UNC_DENV1_YALE/member/fasta-refseqs-yale-denv1/OR259174.1_2021-07	OR259174.1_2021-07	1	1III	1III_A	1III_A.2	-	1/1III/1III_A/1III_A.2/-	OR259174.1_2021-07/1/1III/1III_A/1III_A.2	-	-	-
alignment/AL_UNC_DENV1_YALE/member/fasta-refseqs-yale-denv1/OR259175.1_2021-09	OR259175.1_2021-09	1	1III	1III_A	1III_A.2	-	1/1III/1III_A/1III_A.2/-	OR259175.1_2021-09/1/1III/1III_A/1III_A.2	-	-	-
alignment/AL_UNC_DENV1_YALE/member/fasta-refseqs-yale-denv1/OR389007.1_2000	OR389007.1_2000	1	1V	1V_H	-	-	1/1V/1V_H/-/-	OR389007.1_2000/1/1V/1V_H/-	-	-	-
alignment/AL_UNC_DENV1_YALE/member/fasta-refseqs-yale-denv1/OR389288.1_1985	OR389288.1_1985	1	1IV	1IV_A	-	-	1/1IV/1IV_A/-/-	OR389288.1_1985/1/1IV/1IV_A/-	-	-	-
alignment/AL_UNC_DENV1_YALE/member/fasta-refseqs-yale-denv1/OR394016.1_2019-10-30	OR394016.1_2019-10-30	1	1III	1III_A	1III_A.4	-	1/1III/1III_A/1III_A.4/-	OR394016.1_2019-10-30/1/1III/1III_A/1III_A.4	-	-	-
alignment/AL_UNC_DENV1_YALE/member/fasta-refseqs-yale-denv1/OR394051.1_2020-01-06	OR394051.1_2020-01-06	1	1III	1III_A	1III_A.4	-	1/1III/1III_A/1III_A.4/-	OR394051.1_2020-01-06/1/1III/1III_A/1III_A.4	-	-	-
alignment/AL_UNC_DENV1_YALE/member/fasta-refseqs-yale-denv1/OR654272.1_2023-05-20	OR654272.1_2023-05-20	1	1V	1V_D	1V_D.2	-	1/1V/1V_D/1V_D.2/-	OR654272.1_2023-05-20/1/1V/1V_D/1V_D.2	-	-	-
alignment/AL_UNC_DENV1_YALE/member/fasta-refseqs-yale-denv1/OR936755.1_2023-09-04	OR936755.1_2023-09-04	1	1III	1III_A	1III_A.1	-	1/1III/1III_A/1III_A.1/-	OR936755.1_2023-09-04/1/1III/1III_A/1III_A.1	-	-	-
alignment/AL_UNC_DENV1_YALE/member/fasta-refseqs-yale-denv1/OR936761.1_2023-09-13	OR936761.1_2023-09-13	1	1III	1III_A	1III_A.1	-	1/1III/1III_A/1III_A.1/-	OR936761.1_2023-09-13/1/1III/1III_A/1III_A.1	-	-	-
alignment/AL_UNC_DENV1_YALE/member/fasta-refseqs-yale-denv1/OR936764.1_2023-09-12	OR936764.1_2023-09-12	1	1III	1III_A	1III_A.1	-	1/1III/1III_A/1III_A.1/-	OR936764.1_2023-09-12/1/1III/1III_A/1III_A.1	-	-	-
alignment/AL_UNC_DENV1_YALE/member/fasta-refseqs-yale-denv1/OR936768.1_2023-09-12	OR936768.1_2023-09-12	1	1III	1III_A	1III_A.1	-	1/1III/1III_A/1III_A.1/-	OR936768.1_2023-09-12/1/1III/1III_A/1III_A.1	-	-	-
alignment/AL_UNC_DENV1_YALE/member/fasta-refseqs-yale-denv1/PP234949.1_2019-07-01	PP234949.1_2019-07-01	1	1III	1III_A	1III_A.4	-	1/1III/1III_A/1III_A.4/-	PP234949.1_2019-07-01/1/1III/1III_A/1III_A.4	-	-	-
alignment/AL_UNC_DENV1_YALE/member/fasta-refseqs-yale-denv1/PP269634.1_2015-10-12	PP269634.1_2015-10-12	1	1I	1I_E	1I_E.4	-	1/1I/1I_E/1I_E.4/-	PP269634.1_2015-10-12/1/1I/1I_E/1I_E.4	-	-	-
alignment/AL_UNC_DENV1_YALE/member/fasta-refseqs-yale-denv1/PP269662.1_2015-01-07	PP269662.1_2015-01-07	1	1I	1I_E	1I_E.3	-	1/1I/1I_E/1I_E.3/-	PP269662.1_2015-01-07/1/1I/1I_E/1I_E.3	-	-	-
alignment/AL_UNC_DENV1_YALE/member/fasta-refseqs-yale-denv1/PP269735.1_2015-12-22	PP269735.1_2015-12-22	1	1I	1I_E	1I_E.4	-	1/1I/1I_E/1I_E.4/-	PP269735.1_2015-12-22/1/1I/1I_E/1I_E.4	-	-	-
alignment/AL_UNC_DENV1_YALE/member/fasta-refseqs-yale-denv1/PP269752.1_2016-12-21	PP269752.1_2016-12-21	1	1I	1I_E	1I_E.4	-	1/1I/1I_E/1I_E.4/-	PP269752.1_2016-12-21/1/1I/1I_E/1I_E.4	-	-	-
