sequenceID	designation	serotype	genotype	major_lineage	minor_lineage	minor_sublineage	minor_subsublineage	outgroup
FJ196847.1_1997	1I_A	1	1I	1I_A	-	-	-	-
KY586545.1_2004	1I_A	1	1I	1I_A	-	-	-	-
MW945835.1_1997	1I_A	1	1I	1I_A	-	-	-	-
MW946016.1_1995	1I_A	1	1I	1I_A	-	-	-	-
MW946160.1_1998	1I_A	1	1I	1I_A	-	-	-	-
AY732483.1_1981	1I_B	1	1I	1I_B	-	-	-	-
KJ649286.1_2011-12-31	1I_B	1	1I	1I_B	-	-	-	-
KU509258.1_2010	1I_B	1	1I	1I_B	-	-	-	-
MW945829.1_1995	1I_B	1	1I	1I_B	-	-	-	-
MW946065.1_1996	1I_B	1	1I	1I_B	-	-	-	-
OK040060.1_2011	1I_B	1	1I	1I_B	-	-	-	-
AB608789.1_1994	1I_C_outgroup	1	1I	1I_C	-	-	-	outgroup
EU482789.1_2003	1I_C	1	1I	1I_C	-	-	-	-
EU677173.1_2007	1I_C	1	1I	1I_C	-	-	-	-
FJ410269.1_2008	1I_C	1	1I	1I_C	-	-	-	-
FJ898412.1_2006	1I_C	1	1I	1I_C	-	-	-	-
GQ199805.1_2007	1I_C	1	1I	1I_C	-	-	-	-
GQ199833.1_2004	1I_C	1	1I	1I_C	-	-	-	-
GQ199837.1_2005	1I_C	1	1I	1I_C	-	-	-	-
GU131753.1_2008	1I_C	1	1I	1I_C	-	-	-	-
GU131792.1_2008	1I_C	1	1I	1I_C	-	-	-	-
FJ639678.1_2003	1I_D	1	1I	1I_D	-	-	-	-
FJ850069.1_2003	1I_D	1	1I	1I_D	-	-	-	-
FJ882549.1_2007	1I_D	1	1I	1I_D	-	-	-	-
GQ199775.1_2007	1I_D	1	1I	1I_D	-	-	-	-
JQ287664.1_2004	1I_D	1	1I	1I_D	-	-	-	-
FJ410230.1_2008	1I_E.4_outgroup	1	1I	1I_E	1I_E.4	-	-	outgroup
GU131824.1_2008	1I_E.1_outgroup	1	1I	1I_E	1I_E.1	-	-	outgroup
KC759167.1_2012-01-09	1I_E	1	1I	1I_E	-	-	-	-
KY586530.1_2002	1I_E	1	1I	1I_E	-	-	-	-
LC428075.1_2017	1I_E.3	1	1I	1I_E	1I_E.3	-	-	-
MG840570.1_2016	1I_E	1	1I	1I_E	1I_E.1	-	-	-
MG840578.1_2017	1I_E.1	1	1I	1I_E	1I_E.1	-	-	-
MN018326.1_2017-09-19	1I_E.1	1	1I	1I_E	1I_E.1	-	-	-
MN018333.1_2016-02-25	1I_E.1	1	1I	1I_E	1I_E.1	-	-	-
MN933669.1_2018-10-16	1I_E.1	1	1I	1I_E	1I_E.1	-	-	-
MW265665.1_2016-08-07	1I_E.4	1	1I	1I_E	1I_E.4	-	-	-
MW265666.1_2016-08-22	1I_E.4	1	1I	1I_E	1I_E.4	-	-	-
MW265667.1_2016-02-09	1I_E	1	1I	1I_E	-	-	-	-
MW265694.1_2012-05-16	1I_E.2_outgroup	1	1I	1I_E	1I_E.2	-	-	outgroup
MW265710.1_2016-04-27	1I_E.2	1	1I	1I_E	1I_E.2	-	-	-
MW315182.1_2017-03-10	1I_E.2	1	1I	1I_E	1I_E.2	-	-	-
MW315184.1_2017-04-12	1I_E.2	1	1I	1I_E	1I_E.2	-	-	-
MW315188.1_2017-03-17	1I_E.2	1	1I	1I_E	1I_E.2	-	-	-
MW315190.1_2017-03-29	1I_E.2	1	1I	1I_E	1I_E.2	-	-	-
MW315195.1_2017-06-05	1I_E.2	1	1I	1I_E	1I_E.2	-	-	-
OQ426604.1_2019-04-23	1I_E.1	1	1I	1I_E	1I_E.1	-	-	-
OQ426650.1_2017-02-24	1I_E.3	1	1I	1I_E	1I_E.3	-	-	-
OQ426707.1_2017-07-06	1I_E.3	1	1I	1I_E	1I_E.3	-	-	-
OQ832613.1_2020-09	1I_E.3	1	1I	1I_E	1I_E.3	-	-	-
OQ832614.1_2020-09	1I_E.3	1	1I	1I_E	1I_E.3	-	-	-
PP269626.1_2013-09-06	1I_E.3_outgroup	1	1I	1I_E	1I_E.3	-	-	outgroup
PP269634.1_2015-10-12	1I_E.4	1	1I	1I_E	1I_E.4	-	-	-
PP269662.1_2015-01-07	1I_E.3	1	1I	1I_E	1I_E.3	-	-	-
PP269735.1_2015-12-22	1I_E.4	1	1I	1I_E	1I_E.4	-	-	-
PP269752.1_2016-12-21	1I_E.4	1	1I	1I_E	1I_E.4	-	-	-
MN912178.1_2017-07-31	1I_E.1.1	1	1I	1I_E	1I_E.1	1I_E.1.1	-	-
MN912182.1_2017-07-31	1I_E.1.1	1	1I	1I_E	1I_E.1	1I_E.1.1	-	-
MN912183.1_2017-07-31	1I_E.1.1	1	1I	1I_E	1I_E.1	1I_E.1.1	-	-
MN912185.1_2017-07-31	1I_E.1.1	1	1I	1I_E	1I_E.1	1I_E.1.1	-	-
MN912188.1_2017-07-31	1I_E.1.1	1	1I	1I_E	1I_E.1	1I_E.1.1	-	-
MN912190.1_2017-07-31	1I_E.1.1	1	1I	1I_E	1I_E.1	1I_E.1.1	-	-
MN912192.1_2017-07-31	1I_E.1.1	1	1I	1I_E	1I_E.1	1I_E.1.1	-	-
PP269610.1_2015-05-28	1I_E.1.1_outgroup	1	1I	1I_E	1I_E.1	1I_E.1.1	-	outgroup
MN912152.1_2017-07-18	1I_E.1.2	1	1I	1I_E	1I_E.1	1I_E.1.2	-	-
MN912165.1_2017-07-18	1I_E.1.2	1	1I	1I_E	1I_E.1	1I_E.1.2	-	-
MN912167.1_2017-07-18	1I_E.1.2	1	1I	1I_E	1I_E.1	1I_E.1.2	-	-
MN912168.1_2017-07-18	1I_E.1.2	1	1I	1I_E	1I_E.1	1I_E.1.2	-	-
MN912169.1_2017-07-18	1I_E.1.2	1	1I	1I_E	1I_E.1	1I_E.1.2	-	-
MN912175.1_2017-07-18	1I_E.1.2	1	1I	1I_E	1I_E.1	1I_E.1.2	-	-
MN912176.1_2017-07-18	1I_E.1.2	1	1I	1I_E	1I_E.1	1I_E.1.2	-	-
PP269756.1_2017-02-06	1I_E.1.2_outgroup	1	1I	1I_E	1I_E.1	1I_E.1.2	-	outgroup
FJ196848.1_1999	1I_F	1	1I	1I_F	-	-	-	-
KU509260.1_2008	1I_F	1	1I	1I_F	-	-	-	-
KY586516.1_1998	1I_F_outgroup	1	1I	1I_F	-	-	-	outgroup
MW946055.1_2003	1I_F	1	1I	1I_F	-	-	-	-
MW946075.1_2010	1I_F	1	1I	1I_F	-	-	-	-
MW946093.1_1996	1I_F	1	1I	1I_F	-	-	-	-
ON038484.1_2009-12-14	1I_F	1	1I	1I_F	-	-	-	-
GU131805.1_2008	1I_G	1	1I	1I_G	-	-	-	-
GU131811.1_2008	1I_G	1	1I	1I_G	-	-	-	-
HQ624983.1_2007	1I_G	1	1I	1I_G	-	-	-	-
KT827369.1_2011	1I_G	1	1I	1I_G	-	-	-	-
KY586528.1_2002	1I_G	1	1I	1I_G	-	-	-	-
MW946158.1_1999	1I_G	1	1I	1I_G	-	-	-	-
EU482811.1_2006	1I_H.2	1	1I	1I_H	1I_H.2	-	-	-
GU131678.1_2008	1I_H.2	1	1I	1I_H	1I_H.2	-	-	-
GU131749.1_2008	1I_H.2	1	1I	1I_H	1I_H.2	-	-	-
GU131801.1_2008	1I_H.2	1	1I	1I_H	1I_H.2	-	-	-
HM181952.1_2007	1I_H.2	1	1I	1I_H	1I_H.2	-	-	-
KC172834.1_2008-10-06	1I_H.3	1	1I	1I_H	1I_H.3	-	-	-
KJ755855.1_2013-07	1I_H.1	1	1I	1I_H	1I_H.1	-	-	-
KY586396.1_2004	1I_H.3	1	1I	1I_H	1I_H.3	-	-	-
KY849741.1_2008-10-06	1I_H.3	1	1I	1I_H	1I_H.3	-	-	-
MN960676.1_2019-11-16	1I_H.1	1	1I	1I_H	1I_H.1	-	-	-
MW386867.1_2019-10	1I_H.1	1	1I	1I_H	1I_H.1	-	-	-
MW945886.1_2004	1I_H.3_outgroup	1	1I	1I_H	1I_H.3	-	-	outgroup
MW945932.1_2003	1I_H.1_outgroup	1	1I	1I_H	1I_H.1	-	-	outgroup
MW945936.1_2011	1I_H	1	1I	1I_H	-	-	-	-
MW946067.1_2003	1I_H.2_outgroup	1	1I	1I_H	1I_H.2	-	-	outgroup
MW946070.1_2006	1I_H.3	1	1I	1I_H	1I_H.3	-	-	-
MW946105.1_2006	1I_H.3	1	1I	1I_H	1I_H.3	-	-	-
MW946134.1_1996	1I_H_outgroup	1	1I	1I_H	-	-	-	outgroup
MW946178.1_1997	1I_H	1	1I	1I_H	-	-	-	-
ON123666.1_2018	1I_H.1	1	1I	1I_H	1I_H.1	-	-	-
OQ080034.1_2020-08-17	1I_H.1	1	1I	1I_H	1I_H.1	-	-	-
JF459993.1_2002	1I_J	1	1I	1I_J	-	-	-	-
MG840548.1_2015	1I_J	1	1I	1I_J	-	-	-	-
MN933656.1_2014-09-23	1I_J	1	1I	1I_J	-	-	-	-
MT397276.1_2015-11	1I_J	1	1I	1I_J	-	-	-	-
MW793709.1_2018-07	1I_J	1	1I	1I_J	-	-	-	-
MW945782.1_2000	1I_J	1	1I	1I_J	-	-	-	-
MW945806.1_1998	1I_J_outgroup	1	1I	1I_J	-	-	-	outgroup
FJ410257.1_2008	1I_K.7	1	1I	1I_K	1I_K.7	-	-	-
FJ469907.1_2003	1I_K.5_outgroup	1	1I	1I_K	1I_K.5	-	-	outgroup
FJ469909.1_2003	1I_K.4_outgroup	1	1I	1I_K	1I_K.4	-	-	outgroup
GQ868619.1_2003	1I_K.7	1	1I	1I_K	1I_K.7	-	-	-
GU131752.1_2008	1I_K.7	1	1I	1I_K	1I_K.7	-	-	-
HM181970.1_2008	1I_K.7	1	1I	1I_K	1I_K.7	-	-	-
KC762621.1_2008-02-15	1I_K.4	1	1I	1I_K	1I_K.4	-	-	-
KC762627.1_2008-04-17	1I_K.4	1	1I	1I_K	1I_K.4	-	-	-
KC762629.1_2008-03-15	1I_K.4	1	1I	1I_K	1I_K.4	-	-	-
KC762631.1_2008-02-15	1I_K.4	1	1I	1I_K	1I_K.4	-	-	-
KC762647.1_2010-03-03	1I_K.4	1	1I	1I_K	1I_K.4	-	-	-
KF971870.1_2013-08-23	1I_K.6	1	1I	1I_K	1I_K.6	-	-	-
KY057369.1_2012	1I_K.3_outgroup	1	1I	1I_K	1I_K.3	-	-	outgroup
KY586334.1_2008	1I_K.5	1	1I	1I_K	1I_K.5	-	-	-
KY586336.1_2006	1I_K.5	1	1I	1I_K	1I_K.5	-	-	-
KY586366.1_2001	1I_K.7	1	1I	1I_K	1I_K.7	-	-	-
KY849723.1_2010-07-06	1I_K.5	1	1I	1I_K	1I_K.5	-	-	-
MF033220.1_2014-06	1I_K.2	1	1I	1I_K	1I_K.2	-	-	-
MF033230.1_2015-02	1I_K.3	1	1I	1I_K	1I_K.3	-	-	-
MH048670.1_2014-12	1I_K.2_outgroup	1	1I	1I_K	-	-	-	outgroup
MN018323.1_2016-05-24	1I_K.2	1	1I	1I_K	1I_K.2	-	-	-
MN448635.1_2010-08-03	1I_K.5	1	1I	1I_K	1I_K.5	-	-	-
MN448692.1_2012-10-01	1I_K.5	1	1I	1I_K	1I_K.5	-	-	-
MN556094.1_2019-09-01	1I_K.3	1	1I	1I_K	1I_K.3	-	-	-
MN639766.1_2018-10	1I_K.1	1	1I	1I_K	1I_K.1	-	-	-
MN933654.1_2014-07-24	1I_K.6	1	1I	1I_K	1I_K.6	-	-	-
MN933659.1_2015-04-21	1I_K.6	1	1I	1I_K	1I_K.6	-	-	-
MN933660.1_2016-04-28	1I_K.3	1	1I	1I_K	1I_K.3	-	-	-
MN933665.1_2017-07-31	1I_K.3	1	1I	1I_K	1I_K.3	-	-	-
MW945798.1_1999	1I_K.7_outgroup	1	1I	1I_K	-	-	-	outgroup
MW945860.1_2013	1I_K.6	1	1I	1I_K	1I_K.6	-	-	-
MW946069.1_1999	1I_K_outgroup	1	1I	1I_K	-	-	-	outgroup
MW946128.1_2006	1I_K.6_outgroup	1	1I	1I_K	1I_K.6	-	-	outgroup
MW946221.1_2006	1I_K.7	1	1I	1I_K	1I_K.7	-	-	-
MZ291446.1_2020-08	1I_K.2	1	1I	1I_K	1I_K.2	-	-	-
OM281571.1_2018-12	1I_K.3	1	1I	1I_K	1I_K.3	-	-	-
OM281590.1_2019-12	1I_K.2	1	1I	1I_K	1I_K.2	-	-	-
ON038487.1_2011-06-09	1I_K.6	1	1I	1I_K	1I_K.6	-	-	-
ON038490.1_2012-11-26	1I_K.5	1	1I	1I_K	1I_K.5	-	-	-
ON631278.1_2021	1I_K.2	1	1I	1I_K	1I_K.2	-	-	-
JQ048541.1_2011-09	1I_K.1.1_outgroup	1	1I	1I_K	1I_K.1	1I_K.1.1	-	outgroup
MN923088.1_2019-10-25	1I_K.1.1	1	1I	1I_K	1I_K.1	1I_K.1.1	-	-
OL411495.1_2020-07	1I_K.1.1	1	1I	1I_K	1I_K.1	1I_K.1.1	-	-
OM281593.1_2019-12	1I_K.1.1	1	1I	1I_K	1I_K.1	1I_K.1.1	-	-
OP984871.1_2022-08-12	1I_K.1.1	1	1I	1I_K	1I_K.1	1I_K.1.1	-	-
OQ678061.1_2019-12-17	1I_K.1.1	1	1I	1I_K	1I_K.1	1I_K.1.1	-	-
MK166996.1_2017-11-04	1I_K.1.2	1	1I	1I_K	1I_K.1	1I_K.1.2	-	-
MK166998.1_2017-10-29	1I_K.1.2	1	1I	1I_K	1I_K.1	1I_K.1.2	-	-
MN018298.1_2017-08-21	1I_K.1.2	1	1I	1I_K	1I_K.1	1I_K.1.2	-	-
MN639764.1_2018-10	1I_K.1.2	1	1I	1I_K	1I_K.1	1I_K.1.2	-	-
MN639765.1_2018-10	1I_K.1.2	1	1I	1I_K	1I_K.1	1I_K.1.2	-	-
MN933664.1_2017-08-15	1I_K.1.2	1	1I	1I_K	1I_K.1	1I_K.1.2	-	-
MN933667.1_2018-08-09	1I_K.1.2	1	1I	1I_K	1I_K.1	1I_K.1.2	-	-
MW946238.1_2014	1I_K.1.2	1	1I	1I_K	1I_K.1	1I_K.1.2	-	-
JQ922547.1_1960	1II	1	1II	-	-	-	-	-
MW945844.1_1964	1II	1	1II	-	-	-	-	-
EF457905.1_1972	1III_outgroup	1	1III	-	-	-	-	outgroup
OA01_1973	1III	1	1III	-	-	-	-	-
EU179860.1_2005	1III_A	1	1III	1III_A	-	-	-	-
JF960211.2_2009	1III_A.3_outgroup	1	1III	1III_A	-	-	-	outgroup
JQ922548.1_2005	1III_A	1	1III	1III_A	-	-	-	-
LC436668.1_2017-11	1III_A.1_outgroup	1	1III	1III_A	1III_A.1	-	-	outgroup
MF033212.1_2013-12	1III_A.3	1	1III	1III_A	1III_A.3	-	-	-
MH822959.2_2012	1III_A.4_outgroup	1	1III	1III_A	1III_A.4	-	-	outgroup
MH891771.1_2017-10-22	1III_A.3	1	1III	1III_A	1III_A.3	-	-	-
MK588397.1_2017-04-22	1III_A.3	1	1III	1III_A	1III_A.3	-	-	-
MK858117.2_2016-08-26	1III_A.2_outgroup	1	1III	1III_A	1III_A.2	-	-	outgroup
ON109597.1_2021	1III_A.3	1	1III	1III_A	1III_A.3	-	-	-
ON123650.1_2020	1III_A.3	1	1III	1III_A	1III_A.3	-	-	-
ON123656.1_2019	1III_A.3	1	1III	1III_A	1III_A.3	-	-	-
ON123661.1_2018	1III_A.4	1	1III	1III_A	1III_A.4	-	-	-
ON680908.1_2020-08-24	1III_A.4	1	1III	1III_A	1III_A.4	-	-	-
OP898557.1_2022-04	1III_A.1	1	1III	1III_A	1III_A.1	-	-	-
OP898558.1_2022-10	1III_A	1	1III	1III_A	1III_A.1	-	-	-
OQ061315.1_1997	1III_A_outgroup	1	1III	1III_A	-	-	-	outgroup
OR235532.1_2022-04	1III_A.2	1	1III	1III_A	1III_A.2	-	-	-
OR235645.1_2021-06	1III_A.2	1	1III	1III_A	1III_A.2	-	-	-
OR235733.1_2019-12	1III_A.2	1	1III	1III_A	1III_A.2	-	-	-
OR259174.1_2021-07	1III_A.2	1	1III	1III_A	1III_A.2	-	-	-
OR259175.1_2021-09	1III_A.2	1	1III	1III_A	1III_A.2	-	-	-
OR394016.1_2019-10-30	1III_A.4	1	1III	1III_A	1III_A.4	-	-	-
OR394051.1_2020-01-06	1III_A.4	1	1III	1III_A	1III_A.4	-	-	-
OR936755.1_2023-09-04	1III_A.1	1	1III	1III_A	1III_A.1	-	-	-
OR936761.1_2023-09-13	1III_A.1	1	1III	1III_A	1III_A.1	-	-	-
OR936764.1_2023-09-12	1III_A.1	1	1III	1III_A	1III_A.1	-	-	-
OR936768.1_2023-09-12	1III_A.1	1	1III	1III_A	1III_A.1	-	-	-
PP234949.1_2019-07-01	1III_A.4	1	1III	1III_A	1III_A.4	-	-	-
JQ922545.1_1982	1III_B_outgroup	1	1III	1III_B	-	-	-	outgroup
KJ806950.2_2013	1III_B	1	1III	1III_B	-	-	-	-
KP406801.1_2004	1III_B	1	1III	1III_B	-	-	-	-
KX618705.1_2014	1III_B	1	1III	1III_B	-	-	-	-
KX618706.1_2014	1III_B	1	1III	1III_B	-	-	-	-
MK858130.1_2016-10-25	1III_B	1	1III	1III_B	-	-	-	-
MW582813.1_2019-06-21	1IV	1	1IV	-	-	-	-	-
JN697056.1_2005-01-01	1IV_A	1	1IV	1IV_A	-	-	-	-
JQ915076.1_2009-06-09	1IV_A	1	1IV	1IV_A	-	-	-	-
MH921567.1_2016	1IV_A	1	1IV	1IV_A	-	-	-	-
MW265693.1_2012-04-28	1IV_A	1	1IV	1IV_A	-	-	-	-
OK469341.1_1992	1IV_A	1	1IV	1IV_A	-	-	-	-
OK469342.1_1997	1IV_A_outgroup	1	1IV	-	-	-	-	outgroup
OL321180.1_2016-02-08	1IV_A	1	1IV	1IV_A	-	-	-	-
GQ868602.1_2004	1IV_B.1_outgroup	1	1IV	1IV_B	-	-	-	outgroup
KP406803.1_2006	1IV_B.2_outgroup	1	1IV	1IV_B	1IV_B.1	-	-	outgroup
MF033231.1_2015-03	1IV_B	1	1IV	1IV_B	-	-	-	-
MN018297.1_2017-05-08	1IV_B.1	1	1IV	1IV_B	1IV_B.1	-	-	-
MN923105.1_2019-08-26	1IV_B.1	1	1IV	1IV_B	1IV_B.1	-	-	-
MT832032.1_2013	1IV_B.1	1	1IV	1IV_B	1IV_B.1	-	-	-
MT832033.1_2015	1IV_B.2	1	1IV	1IV_B	1IV_B.2	-	-	-
MT832037.1_2012	1IV_B.2	1	1IV	1IV_B	1IV_B.2	-	-	-
MT832040.1_2012	1IV_B.2	1	1IV	1IV_B	1IV_B.2	-	-	-
MT832048.1_2013	1IV_B.1	1	1IV	1IV_B	1IV_B.1	-	-	-
MW945952.1_1974	1IV_B	1	1IV	1IV_B	-	-	-	-
OK469344.1_1975	1IV_B	1	1IV	1IV_B	-	-	-	-
OM281589.1_2019-12	1IV_B.2	1	1IV	1IV_B	1IV_B.2	-	-	-
OM281599.1_2020-12	1IV_B.1	1	1IV	1IV_B	1IV_B.1	-	-	-
OP895913.1_2017-01	1IV_B.2	1	1IV	1IV_B	1IV_B.2	-	-	-
OQ061266.1_1983	1IV_B_outgroup	1	1IV	1IV_C	-	-	-	outgroup
JN544410.2_2011-04	1IV_C	1	1IV	1IV_C	-	-	-	-
KC762620.1_2007-12-13	1IV_C	1	1IV	1IV_C	-	-	-	-
KC762630.1_2008-02-06	1IV_C	1	1IV	1IV_C	-	-	-	-
KC762651.1_2007-12-11	1IV_C	1	1IV	1IV_C	-	-	-	-
KT827364.1_2002	1IV_C	1	1IV	1IV_C	-	-	-	-
KU509261.1_2010	1IV_C	1	1IV	1IV_C	-	-	-	-
OK605753.1_1983	1IV_C_outgroup	1	1IV	1IV_C	-	-	-	outgroup
KF289073.1_1956	1V	1	1V	-	-	-	-	-
DQ285559.1_2004	1V_A	1	1V	1V_A	-	-	-	-
EU081258.1_2005	1V_A	1	1V	1V_A	-	-	-	-
GQ868601.1_1985	1V_A	1	1V	1V_A	-	-	-	-
JN903578.1_2007-07-26	1V_A	1	1V	1V_A	-	-	-	-
JQ922544.1_1963	1V_A_outgroup	1	1V	-	-	-	-	outgroup
MT929552.1_2018-04-12	1V_A	1	1V	1V_A	-	-	-	-
OQ605987.1_2022-03-31	1V_A	1	1V	1V_A	-	-	-	-
OR389288.1_1985	1IV_A	1	1IV	1IV_A	-	-	-	-
FJ639735.1_1997	1V_B	1	1V	1V_B	-	-	-	-
JN819415.1_2006	1V_B	1	1V	1V_B	-	-	-	-
MT929160.1_2019-10-07	1V_B	1	1V	1V_B	-	-	-	-
MZ008452.1_2014	1V_B	1	1V	1V_B	-	-	-	-
MZ343259.1_2015-11	1V_B	1	1V	1V_B	-	-	-	-
OQ445882.1_2022-08-15	1V_B	1	1V	1V_B	-	-	-	-
GU056032.1_1998	1V_C	1	1V	1V_C	-	-	-	-
KF955424.1_2007	1V_C	1	1V	1V_C	-	-	-	-
KJ189368.1_2012	1V_C	1	1V	1V_C	-	-	-	-
MZ008453.1_2013	1V_C	1	1V	1V_C	-	-	-	-
ON426292.1_2020-01-22	1V_C	1	1V	1V_C	-	-	-	-
OQ821332.1_2016-03-15	1V_C	1	1V	1V_C	-	-	-	-
GQ868570.1_2008	1V_D.1	1	1V	1V_D	1V_D.1	-	-	-
GU131948.1_2001	1V_D.2_outgroup	1	1V	-	-	-	-	outgroup
MN449016.1_2015-04-08	1V_D.1	1	1V	1V_D	1V_D.1	-	-	-
MT899083.1_2019-09-29	1V_D.1	1	1V	1V_D	1V_D.1	-	-	-
ON123596.1_2021-08-20	1V_D.2	1	1V	1V_D	1V_D.2	-	-	-
ON426300.1_2021-03-26	1V_D.2	1	1V	1V_D	1V_D.2	-	-	-
OQ603259.1_2013-06-01	1V_D.1	1	1V	1V_D	1V_D.1	-	-	-
OQ603261.1_2015-10-09	1V_D.1_outgroup	1	1V	1V_D	1V_D.2	-	-	outgroup
OQ821326.1_2020-03-15	1V_D.2	1	1V	1V_D	1V_D.2	-	-	-
OR025607.1_2023-03-29	1V_D.2	1	1V	1V_D	1V_D.2	-	-	-
OR025611.1_2023-04-08	1V_D.2	1	1V	1V_D	1V_D.2	-	-	-
OR654272.1_2023-05-20	1V_D.2	1	1V	1V_D	1V_D.2	-	-	-
ON123574.1_2021-07-07	1V_D.1.1	1	1V	1V_D	1V_D.1	1V_D.1.1	-	-
ON632040.1_2022-04-12	1V_D.1.1	1	1V	1V_D	1V_D.1	1V_D.1.1	-	-
OQ821348.1_2022-08-28	1V_D.1.1	1	1V	1V_D	1V_D.1	1V_D.1.1	-	-
OQ821349.1_2022-09-01	1V_D.1.1	1	1V	1V_D	1V_D.1	1V_D.1.1	-	-
OQ821380.1_2019-10-23	1V_D.1.1_outgroup	1	1V	1V_D	1V_D.1	1V_D.1.1	-	outgroup
OR167130.1_2023-03-03	1V_D.1.1	1	1V	1V_D	1V_D.1	1V_D.1.1	-	-
MN449014.1_2015-04-20	1V_D.1.2	1	1V	1V_D	1V_D.1	1V_D.1.2	-	-
MN556095.1_2017-04	1V_D.1.2	1	1V	1V_D	1V_D.1	1V_D.1.2	-	-
ON123575.1_2021-08-03	1V_D.1.2	1	1V	1V_D	1V_D.1	1V_D.1.2	-	-
ON123586.1_2021-05-07	1V_D.1.2	1	1V	1V_D	1V_D.1	1V_D.1.2	-	-
OQ603260.1_2013-06-18	1V_D.1.2_outgroup	1	1V	1V_D	1V_D.1	1V_D.1.2	-	outgroup
OQ603263.1_2016-06-24	1V_D.1.2	1	1V	1V_D	1V_D.1	1V_D.1.2	-	-
OQ821367.1_2022-12-07	1V_D.1.2	1	1V	1V_D	1V_D.1	1V_D.1.2	-	-
FJ639819.1_2006	1V_E	1	1V	1V_E	-	-	-	-
GU131835.1_2004	1V_E_outgroup	1	1V	-	-	-	-	outgroup
KF672760.1_2011	1V_E.1_outgroup	1	1V	1V_E	1V_E.1	-	-	outgroup
KJ189354.1_2012	1V_E.3	1	1V	1V_E	1V_E.3	-	-	-
KJ189362.1_2010	1V_E.3	1	1V	1V_E	1V_E.3	-	-	-
KJ189363.1_2010	1V_E.3	1	1V	1V_E	1V_E.3	-	-	-
KJ189366.1_2010	1V_E.3	1	1V	1V_E	1V_E.3	-	-	-
KU509249.1_2012	1V_E.3_outgroup	1	1V	1V_E	1V_E.3	-	-	outgroup
KU509252.1_2010	1V_E	1	1V	1V_E	-	-	-	-
MG877553.1_2012	1V_E.2_outgroup	1	1V	1V_E	-	-	-	outgroup
MT862857.1_2019-05-13	1V_E.1	1	1V	1V_E	1V_E.1	-	-	-
MW946053.1_2010	1V_E.4_outgroup	1	1V	1V_E	-	-	-	outgroup
OM833055.1_2020-02-18	1V_E.2	1	1V	1V_E	1V_E.2	-	-	-
OM833058.1_2020-06-27	1V_E.2	1	1V	1V_E	1V_E.2	-	-	-
OM833059.1_2013-07-24	1V_E.3	1	1V	1V_E	1V_E.3	-	-	-
ON632053.1_2022-04-04	1V_E.1	1	1V	1V_E	1V_E.1	-	-	-
ON632121.1_2022-03-17	1V_E.1	1	1V	1V_E	1V_E.1	-	-	-
OQ445884.1_2022-10-01	1V_E.2	1	1V	1V_E	1V_E.2	-	-	-
OQ567778.1_2015-05-13	1V_E.4	1	1V	1V_E	1V_E.4	-	-	-
OQ567781.1_2015-12-18	1V_E.4	1	1V	1V_E	1V_E.4	-	-	-
OQ567786.1_2016-01-29	1V_E.4	1	1V	1V_E	1V_E.4	-	-	-
OQ567790.1_2016-01-24	1V_E.4	1	1V	1V_E	1V_E.4	-	-	-
OQ567798.1_2017-04-26	1V_E.4	1	1V	1V_E	1V_E.4	-	-	-
OQ605977.1_2022-03-15	1V_E.1	1	1V	1V_E	1V_E.1	-	-	-
OQ821340.1_2021-11-16	1V_E.2	1	1V	1V_E	1V_E.2	-	-	-
OQ821377.1_2013-08-29	1V_E.2	1	1V	1V_E	1V_E.2	-	-	-
OR167255.1_2023-03-23	1V_E.1	1	1V	1V_E	1V_E.1	-	-	-
FJ639794.1_2004	1V_F	1	1V	1V_F	-	-	-	-
KC692517.1_2010-12-29	1V_F	1	1V	1V_F	-	-	-	-
KU509254.1_2011	1V_F	1	1V	1V_F	-	-	-	-
KY474306.1_2014	1V_F	1	1V	1V_F	-	-	-	-
MW377899.1_2014-12-10	1V_F	1	1V	1V_F	-	-	-	-
ON632090.1_2022-03-25	1V_F	1	1V	1V_F	-	-	-	-
GQ868564.1_2006	1V_G	1	1V	1V_G	-	-	-	-
GQ868568.1_2007	1V_G	1	1V	1V_G	-	-	-	-
KJ189303.1_1998	1V_G	1	1V	1V_G	-	-	-	-
KJ189304.1_2005	1V_G	1	1V	1V_G	-	-	-	-
OA08_2011	1V_G	1	1V	1V_G	-	-	-	-
OA10_2012	1V_G	1	1V	1V_G	-	-	-	-
AB519681.1_2001	1V_H	1	1V	1V_H	-	-	-	-
FJ850073.1_2001	1V_H	1	1V	1V_H	-	-	-	-
JX669469.1_1997	1V_H	1	1V	1V_H	-	-	-	-
KF672764.1_2001	1V_H	1	1V	1V_H	-	-	-	-
OK605754.1_1997	1V_H	1	1V	1V_H	-	-	-	-
OR389007.1_2000	1V_H	1	1V	1V_H	-	-	-	-
OR389273.1_1986	1V_H_outgroup	1	1V	1V_H	-	-	-	outgroup
EU482567.1_1998	1V_J	1	1V	1V_J	-	-	-	-
FJ205875.1_1995	1V_J	1	1V	1V_J	-	-	-	-
FJ390380.1_1998	1V_J	1	1V	1V_J	-	-	-	-
FJ410184.1_1993	1V_J	1	1V	1V_J	-	-	-	-
KF955437.1_1998	1V_J	1	1V	1V_J	-	-	-	-
OA04_1981	1V_J_outgroup	1	1V	1V_J	-	-	-	outgroup
KF184975.1_2013-04	1VII	1	1VII	1VII_A	-	-	-	-
MN577472.1_2019-07	1VII_A	1	1VII	1VII_A	-	-	-	-
MW243006.1_2016-06-19	1VII_A	1	1VII	1VII_A	-	-	-	-
MZ130532.1_2016-04-06	1VII_A	1	1VII	1VII_A	-	-	-	-
MZ130534.1_2019-05-28	1VII_A	1	1VII	1VII_A	-	-	-	-
MZ130535.1_2016-05-09	1VII_A	1	1VII	1VII_A	-	-	-	-
MZ857205.1_2013	1VII_A	1	1VII	1VII_A	-	-	-	-
OR389286.1_1985	1VII_A_outgroup	1	1VII	-	-	-	-	outgroup
JQ922546.1_1971	1VII_B_outgroup	1	1VII	-	-	-	-	outgroup
LC707382.1_2021-06-30	1VII_B	1	1VII	1VII_B	-	-	-	-
MG877557.1_2012	1VII_B	1	1VII	1VII_B	-	-	-	-
OQ593388.1_2017-06-24	1VII_B	1	1VII	1VII_B	-	-	-	-
OQ593389.1_2017-06-21	1VII_B	1	1VII	1VII_B	-	-	-	-
OQ593392.1_2017-04-13	1VII_B	1	1VII	1VII_B	-	-	-	-
JQ922550.1_1971	2I	2	2I	-	-	-	-	-
JQ922552.1_1960	2I	2	2I	-	-	-	-	-
JQ922553.1_1980	2I	2	2I	-	-	-	-	-
JX966379.1_1994	2I	2	2I	-	-	-	-	-
MW946478.1_1974	2I_outgroup	2	2I	-	-	-	-	outgroup
MW946575.1_1996	2I	2	2I	-	-	-	-	-
GQ398257.1_1977	2II_outgroup	2	2II	-	-	-	-	outgroup
AP002_1969	2II_A	2	2II	2II_A	-	-	-	-
GQ398258.1_1975	2II_A_outgroup	2	2II	2II_A	-	-	-	outgroup
JQ922551.1_2005	2II_A.1_outgroup	2	2II	2II_A	2II_A.1	-	-	outgroup
KF041236.1_2008	2II_A.1	2	2II	2II_A	2II_A.1	-	-	-
MW512410.1_2014	2II_A.1	2	2II	2II_A	2II_A.1	-	-	-
OM681318.1_2021-11-16	2II_A	2	2II	2II_A	-	-	-	-
DQ448231.2_2001	2II_A.1.1_outgroup	2	2II	2II_A	2II_A.1	2II_A.1.1	-	outgroup
KU509271.1_2006	2II_A.1.1	2	2II	2II_A	2II_A.1	2II_A.1.1	-	-
ON123652.1_2020	2II_A.1.1	2	2II	2II_A	2II_A.1	2II_A.1.1	-	-
JQ955624.1_2011	2II_A.1.1.1_outgroup	2	2II	2II_A	2II_A.1	2II_A.1.1	2II_A.1.1.1	outgroup
KY937187.1_2015	2II_A.1.1.1	2	2II	2II_A	2II_A.1	2II_A.1.1	2II_A.1.1.1	-
KY937189.1_2015	2II_A.1.1.1	2	2II	2II_A	2II_A.1	2II_A.1.1	2II_A.1.1.1	-
MH822944.1_2012-10-08	2II_A.1.1.1	2	2II	2II_A	2II_A.1	2II_A.1.1	2II_A.1.1.1	-
MK858115.2_2017-09-08	2II_A.1.1.1	2	2II	2II_A	2II_A.1	2II_A.1.1	2II_A.1.1.1	-
MW512370.1_2012	2II_A.1.1.1	2	2II	2II_A	2II_A.1	2II_A.1.1	2II_A.1.1.1	-
ON109598.1_2021	2II_A.1.1.1	2	2II	2II_A	2II_A.1	2II_A.1.1	2II_A.1.1.1	-
ON123651.1_2020	2II_A.1.1.1	2	2II	2II_A	2II_A.1	2II_A.1.1	2II_A.1.1.1	-
OP684207.1_2019-10-13	2II_A.1.1.1	2	2II	2II_A	2II_A.1	2II_A.1.1	2II_A.1.1.1	-
OP684211.1_2019-10-19	2II_A.1.1.1	2	2II	2II_A	2II_A.1	2II_A.1.1	2II_A.1.1.1	-
MH822940.1_2014	2II_A.1.1.2	2	2II	2II_A	2II_A.1	2II_A.1.1	2II_A.1.1.2	-
MH891768.1_2016-10-26	2II_A.1.1.2	2	2II	2II_A	2II_A.1	2II_A.1.1	2II_A.1.1.2	-
MW512412.1_2014	2II_A.1.1.2	2	2II	2II_A	2II_A.1	2II_A.1.1	2II_A.1.1.2	-
MZ857221.1_2017	2II_A.1.1.2_outgroup	2	2II	2II_A	2II_A.1	2II_A.1.1	2II_A.1.1.2	outgroup
OR236111.1_2016-05	2II_A.1.1.2	2	2II	2II_A	2II_A.1	2II_A.1.1	2II_A.1.1.2	-
OR236112.1_2016-05	2II_A.1.1.2	2	2II	2II_A	2II_A.1	2II_A.1.1	2II_A.1.1.2	-
GQ252676.1_2003	2II_A.1.2	2	2II	2II_A	2II_A.1	2II_A.1.2	-	-
GQ252677.1_2004	2II_A.1.2	2	2II	2II_A	2II_A.1	2II_A.1.2	-	-
KF360005.1_2010-11-01	2II_A.1.2	2	2II	2II_A	2II_A.1	2II_A.1.2	-	-
KJ010186.1_2013-10-02	2II_A.1.2	2	2II	2II_A	2II_A.1	2II_A.1.2	-	-
KJ830750.1_2014-01-13	2II_A.1.2	2	2II	2II_A	2II_A.1	2II_A.1.2	-	-
KM217156.1_2011-08	2II_A.1.2	2	2II	2II_A	2II_A.1	2II_A.1.2	-	-
MW946433.1_2007	2II_A.1.2	2	2II	2II_A	2II_A.1	2II_A.1.2	-	-
OR389029.1_2004	2II_A.1.2_outgroup	2	2II	2II_A	2II_A.1	2II_A.1.2	-	outgroup
KY427084.1_2010-09-01	2II_A.2.1_outgroup	2	2II	2II_A	2II_A.2	2II_A.2.1	-	outgroup
LC367234.1_2009-10-08	2II_A.2.1	2	2II	2II_A	2II_A.2	2II_A.2.1	-	-
MG560144.1_2014	2II_A.2.1	2	2II	2II_A	2II_A.2	2II_A.2.1	-	-
MK783209.1_2018	2II_A.2.1	2	2II	2II_A	2II_A.2	2II_A.2.1	-	-
MW512372.1_2012	2II_A.2.1	2	2II	2II_A	2II_A.2	2II_A.2.1	-	-
ON123649.1_2020	2II_A.2.1	2	2II	2II_A	2II_A.2	2II_A.2.1	-	-
OP310806.1_2018	2II_A.2.1	2	2II	2II_A	2II_A.2	2II_A.2.1	-	-
OP310807.1_2019	2II_A.2.1	2	2II	2II_A	2II_A.2	2II_A.2.1	-	-
MG560143.1_2014	2II_A.2.2_outgroup	2	2II	2II_A	2II_A.2	2II_A.2.2	-	outgroup
MH456892.1_2014-10-17	2II_A.2.2	2	2II	2II_A	2II_A.2	2II_A.2.2	-	-
MH822949.1_2014-10-28	2II_A.2.2	2	2II	2II_A	2II_A.2	2II_A.2.2	-	-
MK473384.1_2016-05-04	2II_A.2.2	2	2II	2II_A	2II_A.2	2II_A.2.2	-	-
MN577553.1_2017-06	2II_A.2.2	2	2II	2II_A	2II_A.2	2II_A.2.2	-	-
MN577554.1_2017-06	2II_A.2.2	2	2II	2II_A	2II_A.2	2II_A.2.2	-	-
MN577557.1_2017-07	2II_A.2.2	2	2II	2II_A	2II_A.2	2II_A.2.2	-	-
MN577559.1_2013-04	2II_A.2.2	2	2II	2II_A	2II_A.2	2II_A.2.2	-	-
MN577563.1_2013-05	2II_A.2.2	2	2II	2II_A	2II_A.2	2II_A.2.2	-	-
GQ398259.1_1976	2II_B	2	2II	2II_B	-	-	-	-
GQ398263.1_1975	2II_B_outgroup	2	2II	2II_B	-	-	-	outgroup
MN577562.1_2013-05	2II_B	2	2II	2II_B	-	-	-	-
MN577564.1_2014-06	2II_B	2	2II	2II_B	-	-	-	-
OL469512.1_2017-04-30	2II_B	2	2II	2II_B	-	-	-	-
OM317565.1_2020-06-24	2II_B	2	2II	2II_B	-	-	-	-
JN851131.1_2005	2II_C.2_outgroup	2	2II	2II_C	2II_C.2	-	-	outgroup
KF744397.1_2001	2II_C	2	2II	2II_C	-	-	-	-
KF744398.1_2005	2II_C.2	2	2II	2II_C	2II_C.2	-	-	-
KU509269.1_2009	2II_C.1_outgroup	2	2II	2II_C	2II_C.1	-	-	outgroup
KU509276.1_2008	2II_C.1	2	2II	2II_C	2II_C.1	-	-	-
KU509277.1_2010	2II_C.1	2	2II	2II_C	2II_C.1	-	-	-
MG599592.1_2001	2II_C.2	2	2II	2II_C	2II_C.2	-	-	-
MG599621.1_2002	2II_C.2	2	2II	2II_C	2II_C.2	-	-	-
MG599628.1_2002	2II_C.2	2	2II	2II_C	2II_C.2	-	-	-
MG599631.1_2002	2II_C.2	2	2II	2II_C	2II_C.2	-	-	-
MK783205.1_2018	2II_C.1	2	2II	2II_C	2II_C.1	-	-	-
MT832057.1_2015	2II_C.1	2	2II	2II_C	2II_C.1	-	-	-
MW512409.1_2013	2II_C	2	2II	2II_C	-	-	-	-
MW512432.1_2014	2II_C.1	2	2II	2II_C	2II_C.1	-	-	-
MW512467.1_2016	2II_C	2	2II	2II_C	-	-	-	-
MW881533.1_2021-02-02	2II_C.1	2	2II	2II_C	2II_C.1	-	-	-
OK469352.1_1993	2II_C_outgroup	2	2II	2II_C	-	-	-	outgroup
EU179859.1_2006	2II_D	2	2II	2II_D	-	-	-	-
FJ196853.1_2003	2II_D.3_outgroup	2	2II	2II_D	2II_D.3	-	-	outgroup
JN851130.1_2005	2II_D	2	2II	2II_D	-	-	-	-
JX470186.1_2010	2II_D.2	2	2II	2II_D	2II_D.2	-	-	-
KC762673.1_2008-03-11	2II_D.3	2	2II	2II_D	2II_D.3	-	-	-
KC762675.1_2008-03-08	2II_D.3	2	2II	2II_D	2II_D.3	-	-	-
KC762680.1_2010-04-05	2II_D.2	2	2II	2II_D	2II_D.2	-	-	-
MF043956.1_2016	2II_D.2	2	2II	2II_D	2II_D.2	-	-	-
MH048673.1_2014-12	2II_D.2_outgroup	2	2II	2II_D	2II_D.2	-	-	outgroup
MK564482.1_2017-08-07	2II_D.3	2	2II	2II_D	2II_D.3	-	-	-
MK783204.1_2018	2II_D.2	2	2II	2II_D	2II_D.2	-	-	-
MN018349.1_2015-05-09	2II_D.3	2	2II	2II_D	2II_D.3	-	-	-
MN018352.1_2015-09-07	2II_D.3	2	2II	2II_D	2II_D.3	-	-	-
MN923111.1_2019-08-24	2II_D	2	2II	2II_D	-	-	-	-
MW512364.1_2011	2II_D.1_outgroup	2	2II	2II_D	2II_D.1	-	-	outgroup
MZ857208.1_2013	2II_D.1	2	2II	2II_D	2II_D.1	-	-	-
ON890351.1_2017-08-07	2II_D.2	2	2II	2II_D	2II_D.2	-	-	-
KP012546.1_2014	2II_D.1.1	2	2II	2II_D	2II_D.1	2II_D.1.1	-	-
KT187553.1_2014	2II_D.1.1	2	2II	2II_D	2II_D.1	2II_D.1.1	-	-
KT187557.1_2014	2II_D.1.1	2	2II	2II_D	2II_D.1	2II_D.1.1	-	-
KX225485.1_2015	2II_D.1.1	2	2II	2II_D	2II_D.1	2II_D.1.1	-	-
MK564478.1_2016-04-22	2II_D.1.1_outgroup	2	2II	2II_D	2II_D.1	2II_D.1.1	-	outgroup
MW721466.1_2014-10	2II_D.1.1	2	2II	2II_D	2II_D.1	2II_D.1.1	-	-
MW721468.1_2014-10	2II_D.1.1	2	2II	2II_D	2II_D.1	2II_D.1.1	-	-
KX655788.1_2015	2II_D.1.2	2	2II	2II_D	2II_D.1	2II_D.1.2	-	-
MW512415.1_2014	2II_D.1.2_outgroup	2	2II	2II_D	2II_D.1	2II_D.1.2	-	outgroup
MZ857214.1_2014	2II_D.1.2	2	2II	2II_D	2II_D.1	2II_D.1.2	-	-
OR236087.1_2014-05	2II_D.1.2	2	2II	2II_D	2II_D.1	2II_D.1.2	-	-
OR236114.1_2014-03	2II_D.1.2	2	2II	2II_D	2II_D.1	2II_D.1.2	-	-
OR236115.1_2014-12	2II_D.1.2	2	2II	2II_D	2II_D.1	2II_D.1.2	-	-
OR236116.1_2014-05	2II_D.1.2	2	2II	2II_D	2II_D.1	2II_D.1.2	-	-
JN851113.1_2006	2II_E.1	2	2II	2II_E	2II_E.1	-	-	-
KC762655.1_2007-09-27	2II_E.2	2	2II	2II_E	2II_E.2	-	-	-
KC762656.1_2007-12-11	2II_E.2	2	2II	2II_E	2II_E.2	-	-	-
KM279608.1_2010	2II_E.1	2	2II	2II_E	2II_E.1	-	-	-
KR779786.2_2013	2II_E.1	2	2II	2II_E	2II_E.1	-	-	-
KU517845.1_2013-04-23	2II_E.2	2	2II	2II_E	2II_E.2	-	-	-
KX380821.1_2012	2II_E.1	2	2II	2II_E	2II_E.1	-	-	-
KX452015.1_2014-01	2II_E.1_outgroup	2	2II	2II_E	2II_E.1	-	-	outgroup
KY586700.1_2009	2II_E.1	2	2II	2II_E	2II_E.1	-	-	-
MN018351.1_2015-05-17	2II_E.2	2	2II	2II_E	2II_E.2	-	-	-
MT921573.1_2004	2II_E.2_outgroup	2	2II	2II_E	2II_E.2	-	-	outgroup
MW512347.1_2007	2II_E.1	2	2II	2II_E	2II_E.1	-	-	-
MW512356.1_2009	2II_E.1	2	2II	2II_E	2II_E.1	-	-	-
MW512414.1_2014	2II_E	2	2II	2II_E	-	-	-	-
OP684198.1_2019-01-20	2II_E.2	2	2II	2II_E	2II_E.2	-	-	-
JN851126.1_2005	2II_F	2	2II	2II_F	-	-	-	-
MK578532.1_2016-04-01	2II_F	2	2II	2II_F	-	-	-	-
MT921572.1_2000	2II_F_outgroup	2	2II	2II_F	-	-	-	outgroup
MW730833.1_2017-07	2II_F.2_outgroup	2	2II	2II_F	2II_F.2	-	-	outgroup
ON890422.1_2019-09-16	2II_F.2	2	2II	2II_F	2II_F.2	-	-	-
OP984834.1_2022-11-20	2II_F.1	2	2II	2II_F	2II_F.1	-	-	-
OQ028230.1_2020-09-07	2II_F.2	2	2II	2II_F	2II_F.2	-	-	-
KX380818.1_2012	2II_F.1.1	2	2II	2II_F	2II_F.1	2II_F.1.1	-	-
MW512416.1_2014	2II_F.1.1	2	2II	2II_F	2II_F.1	2II_F.1.1	-	-
MW512463.1_2016	2II_F.1.1_outgroup	2	2II	2II_F	2II_F.1	2II_F.1.1	-	outgroup
OP684180.1_2018-07-02	2II_F.1.1	2	2II	2II_F	2II_F.1	2II_F.1.1	-	-
OP684196.1_2019-01-05	2II_F.1.1	2	2II	2II_F	2II_F.1	2II_F.1.1	-	-
OP921000.1_2022-07-29	2II_F.1.1	2	2II	2II_F	2II_F.1	2II_F.1.1	-	-
OL414732.1_2020-08	2II_F.1.1.1	2	2II	2II_F	2II_F.1	2II_F.1.1	2II_F.1.1.1	-
OL414749.1_2020-06	2II_F.1.1.1	2	2II	2II_F	2II_F.1	2II_F.1.1	2II_F.1.1.1	-
OL414754.1_2020-08	2II_F.1.1.1	2	2II	2II_F	2II_F.1	2II_F.1.1	2II_F.1.1.1	-
OL414755.1_2020-08	2II_F.1.1.1	2	2II	2II_F	2II_F.1	2II_F.1.1	2II_F.1.1.1	-
OL414764.1_2020-08	2II_F.1.1.1	2	2II	2II_F	2II_F.1	2II_F.1.1	2II_F.1.1.1	-
OP684201.1_2019-08-16	2II_F.1.1.1_outgroup	2	2II	2II_F	2II_F.1	2II_F.1.1	2II_F.1.1.1	outgroup
LC436675.1_2017-12	2II_F.1.1.2	2	2II	2II_F	2II_F.1	2II_F.1.1	2II_F.1.1.2	-
MW512452.1_2016	2II_F.1.1.2_outgroup	2	2II	2II_F	2II_F.1	2II_F.1.1	2II_F.1.1.2	outgroup
OM744143.1_2021-11-29	2II_F.1.1.2	2	2II	2II_F	2II_F.1	2II_F.1.1	2II_F.1.1.2	-
ON634745.1_2022-03-14	2II_F.1.1.2	2	2II	2II_F	2II_F.1	2II_F.1.1	2II_F.1.1.2	-
ON634755.1_2022-03-06	2II_F.1.1.2	2	2II	2II_F	2II_F.1	2II_F.1.1	2II_F.1.1.2	-
OP941834.1_2022-11-02	2II_F.1.1.2	2	2II	2II_F	2II_F.1	2II_F.1.1	2II_F.1.1.2	-
OR448787.1_2023-06	2II_F.1.1.3	2	2II	2II_F	2II_F.1	2II_F.1.1	2II_F.1.1.3	-
OR821724.1_2022-09	2II_F.1.1.3	2	2II	2II_F	2II_F.1	2II_F.1.1	2II_F.1.1.3	-
PP564586.1_2023-10-01	2II_F.1.1.3	2	2II	2II_F	2II_F.1	2II_F.1.1	2II_F.1.1.3	-
PP564601.1_2023-10-02	2II_F.1.1.3	2	2II	2II_F	2II_F.1	2II_F.1.1	2II_F.1.1.3	-
PP564661.1_2023-10-30	2II_F.1.1.3	2	2II	2II_F	2II_F.1	2II_F.1.1	2II_F.1.1.3	-
PP757868.1_2023-08-30	2II_F.1.1.3_outgroup	2	2II	2II_F	2II_F.1	2II_F.1.1	2II_F.1.1.3	outgroup
MN923109.1_2019-07-08	2II_F.1.1.4_outgroup	2	2II	2II_F	2II_F.1	2II_F.1.1	2II_F.1.1.4	outgroup
PP411235.1_2022-06-07	2II_F.1.1.4	2	2II	2II_F	2II_F.1	2II_F.1.1	2II_F.1.1.4	-
PP411252.1_2022-06-20	2II_F.1.1.4	2	2II	2II_F	2II_F.1	2II_F.1.1	2II_F.1.1.4	-
PP411257.1_2022-07-05	2II_F.1.1.4	2	2II	2II_F	2II_F.1	2II_F.1.1	2II_F.1.1.4	-
PP446692.1_2022-09-05	2II_F.1.1.4	2	2II	2II_F	2II_F.1	2II_F.1.1	2II_F.1.1.4	-
PP446693.1_2022-10-06	2II_F.1.1.4	2	2II	2II_F	2II_F.1	2II_F.1.1	2II_F.1.1.4	-
OM730078.1_2021-11-16	2II_F.1.1.5_outgroup	2	2II	2II_F	2II_F.1	2II_F.1.1	2II_F.1.1.5	outgroup
OQ851873.1_2022-10-21	2II_F.1.1.5	2	2II	2II_F	2II_F.1	2II_F.1.1	2II_F.1.1.5	-
OR771147.1_2023-07-20	2II_F.1.1.5	2	2II	2II_F	2II_F.1	2II_F.1.1	2II_F.1.1.5	-
PP082846.1_2023-09	2II_F.1.1.5	2	2II	2II_F	2II_F.1	2II_F.1.1	2II_F.1.1.5	-
PP326753.1_2023-05-11	2II_F.1.1.5	2	2II	2II_F	2II_F.1	2II_F.1.1	2II_F.1.1.5	-
PP326828.1_2023-12-13	2II_F.1.1.5	2	2II	2II_F	2II_F.1	2II_F.1.1	2II_F.1.1.5	-
PP082832.1_2023-12	2II_F.1.1.6	2	2II	2II_F	2II_F.1	2II_F.1.1	2II_F.1.1.6	-
PP082833.1_2023-12	2II_F.1.1.6	2	2II	2II_F	2II_F.1	2II_F.1.1	2II_F.1.1.6	-
PP082838.1_2023-11	2II_F.1.1.6	2	2II	2II_F	2II_F.1	2II_F.1.1	2II_F.1.1.6	-
PP082853.1_2023-07	2II_F.1.1.6	2	2II	2II_F	2II_F.1	2II_F.1.1	2II_F.1.1.6	-
PP082854.1_2023-07	2II_F.1.1.6	2	2II	2II_F	2II_F.1	2II_F.1.1	2II_F.1.1.6	-
PP082862.1_2023-04	2II_F.1.1.6	2	2II	2II_F	2II_F.1	2II_F.1.1	2II_F.1.1.6	-
PP082863.1_2023-04	2II_F.1.1.6	2	2II	2II_F	2II_F.1	2II_F.1.1	2II_F.1.1.6	-
PP757871.1_2022-06-18	2II_F.1.1.6_outgroup	2	2II	2II_F	2II_F.1	2II_F.1.1	2II_F.1.1.6	outgroup
JF327392.1_2009	2II_F.1.2_outgroup	2	2II	2II_F	2II_F.1	2II_F.1.2	-	outgroup
KX380808.1_2012	2II_F.1.2	2	2II	2II_F	2II_F.1	2II_F.1.2	-	-
MN018356.1_2014-09-23	2II_F.1.2	2	2II	2II_F	2II_F.1	2II_F.1.2	-	-
MW512366.1_2011	2II_F.1.2	2	2II	2II_F	2II_F.1	2II_F.1.2	-	-
MW512400.1_2013	2II_F.1.2	2	2II	2II_F	2II_F.1	2II_F.1.2	-	-
MW512403.1_2013	2II_F.1.2	2	2II	2II_F	2II_F.1	2II_F.1.2	-	-
EPI_ISL_17831898_2023-05-09	2II_F.1.3	2	2II	2II_F	2II_F.1	2II_F.1.3	-	-
MK411559.1_2016-02-23	2II_F.1.3	2	2II	2II_F	2II_F.1	2II_F.1.3	-	-
MK564476.1_2017-08-08	2II_F.1.3	2	2II	2II_F	2II_F.1	2II_F.1.3	-	-
MW512447.1_2015	2II_F.1.3_outgroup	2	2II	2II_F	2II_F.1	2II_F.1.3	-	outgroup
PP269908.1_2022-10-11	2II_F.1.3	2	2II	2II_F	2II_F.1	2II_F.1.3	-	-
KU517846.1_2014-05-07	2II_F.2.1	2	2II	2II_F	2II_F.2	2II_F.2.1	-	-
MN018353.1_2016-06-15	2II_F.2.1	2	2II	2II_F	2II_F.2	2II_F.2.1	-	-
MW512377.1_2012	2II_F.2.1_outgroup	2	2II	2II_F	2II_F.2	2II_F.2.1	-	outgroup
MW512379.1_2012	2II_F.2.1	2	2II	2II_F	2II_F.2	2II_F.2.1	-	-
MW512465.1_2016	2II_F.2.1	2	2II	2II_F	2II_F.2	2II_F.2.1	-	-
MW730819.1_2017-07	2II_F.2.1	2	2II	2II_F	2II_F.2	2II_F.2.1	-	-
MW730830.1_2017-07	2II_F.2.1	2	2II	2II_F	2II_F.2	2II_F.2.1	-	-
KX380810.1_2012	2II_F.2.2	2	2II	2II_F	2II_F.2	2II_F.2.2	-	-
KX380822.1_2012	2II_F.2.2	2	2II	2II_F	2II_F.2	2II_F.2.2	-	-
KX380836.1_2013	2II_F.2.2	2	2II	2II_F	2II_F.2	2II_F.2.2	-	-
KY921904.1_2014-03	2II_F.2.2	2	2II	2II_F	2II_F.2	2II_F.2.2	-	-
MW512406.1_2013	2II_F.2.2	2	2II	2II_F	2II_F.2	2II_F.2.2	-	-
MW512430.1_2014	2II_F.2.2_outgroup	2	2II	2II_F	2II_F.2	2II_F.2.2	-	outgroup
AP001_1969-02-11	2III_A_outgroup	2	2III	2III_A	-	-	-	outgroup
DQ181801.1_1990	2III_A	2	2III	2III_A	-	-	-	-
EU482449.1_2006	2III_A.2	2	2III	2III_A	2III_A.2	-	-	-
FJ639699.1_2002	2III_A	2	2III	2III_A	-	-	-	-
FM210202.1_2004	2III_A.2	2	2III	2III_A	2III_A.2	-	-	-
FM210204.1_2003	2III_A.2	2	2III	2III_A	2III_A.2	-	-	-
FM210217.1_1999	2III_A.1	2	2III	2III_A	2III_A.1	-	-	-
FM210222.1_2004	2III_A.1	2	2III	2III_A	2III_A.1	-	-	-
FM210227.1_2002	2III_A.2	2	2III	2III_A	2III_A.2	-	-	-
FM210235.2_2005	2III_A.1	2	2III	2III_A	2III_A.1	-	-	-
FM210236.2_2004	2III_A.1	2	2III	2III_A	2III_A.1	-	-	-
FM210237.2_2003	2III_A.2_outgroup	2	2III	2III_A	2III_A.2	-	-	outgroup
FM210241.2_2004	2III_A.2	2	2III	2III_A	2III_A.2	-	-	-
KF921931.1_2003	2III_A	2	2III	2III_A	-	-	-	-
KY670633.1_1995-09	2III_A.1_outgroup	2	2III	2III_A	2III_A.1	-	-	outgroup
MW946461.1_1988	2III_A	2	2III	2III_A	-	-	-	-
EU482721.1_2006	2III_B	2	2III	2III_B	-	-	-	-
EU529706.1_2006	2III_B	2	2III	2III_B	-	-	-	-
FJ898450.1_1990	2III_B	2	2III	2III_B	-	-	-	-
GQ398269.1_1994	2III_B	2	2III	2III_B	-	-	-	-
KC294201.1_2009-02-13	2III_B	2	2III	2III_B	-	-	-	-
MN589880.1_1999-04-09	2III_B	2	2III	2III_B	-	-	-	-
EU482726.1_2006	2III_C	2	2III	2III_C	-	-	-	-
EU687212.1_1998	2III_C	2	2III	2III_C	-	-	-	-
EU920839.1_2005-09	2III_C.1_outgroup	2	2III	2III_C	2III_C.1	-	-	outgroup
MW946583.1_2004	2III_C.2_outgroup	2	2III	2III_C	2III_C.2	-	-	outgroup
OK469346.1_1981	2III_C_outgroup	2	2III	2III_C	-	-	-	outgroup
ON123621.1_2021-02-15	2III_C	2	2III	2III_C	-	-	-	-
ON634720.1_2021-02-22	2III_C	2	2III	2III_C	-	-	-	-
OQ445886.1_2022-08-17	2III_C.2	2	2III	2III_C	2III_C.2	-	-	-
OQ445887.1_2022-08-16	2III_C.2	2	2III	2III_C	2III_C.2	-	-	-
OQ445894.1_2022-10-27	2III_C.2	2	2III	2III_C	2III_C.2	-	-	-
OQ821445.1_2019-11-13	2III_C.2	2	2III	2III_C	2III_C.2	-	-	-
OQ821468.1_2022-08-18	2III_C.2	2	2III	2III_C	2III_C.2	-	-	-
OQ821495.1_2014-02-09	2III_C.2	2	2III	2III_C	2III_C.2	-	-	-
MK517773.1_2017-03-28	2III_C.1.1	2	2III	2III_C	2III_C.1	2III_C.1.1	-	-
MT929587.1_2019-01-21	2III_C.1.1	2	2III	2III_C	2III_C.1	2III_C.1.1	-	-
MT929617.1_2019-03-06	2III_C.1.1	2	2III	2III_C	2III_C.1	2III_C.1.1	-	-
MT929701.1_2019-02-07	2III_C.1.1	2	2III	2III_C	2III_C.1	2III_C.1.1	-	-
MT929711.1_2019-03-26	2III_C.1.1	2	2III	2III_C	2III_C.1	2III_C.1.1	-	-
MT929713.1_2019-03-27	2III_C.1.1	2	2III	2III_C	2III_C.1	2III_C.1.1	-	-
MT929716.1_2016-03-14	2III_C.1.1	2	2III	2III_C	2III_C.1	2III_C.1.1	-	-
MT929740.1_2019-02-23	2III_C.1.1	2	2III	2III_C	2III_C.1	2III_C.1.1	-	-
MW577818.1_2019-05-08	2III_C.1.1	2	2III	2III_C	2III_C.1	2III_C.1.1	-	-
ON123823.1_2019-05-09	2III_C.1.1	2	2III	2III_C	2III_C.1	2III_C.1.1	-	-
ON634701.1_2021-05-28	2III_C.1.1	2	2III	2III_C	2III_C.1	2III_C.1.1	-	-
ON634741.1_2022-04-25	2III_C.1.1	2	2III	2III_C	2III_C.1	2III_C.1.1	-	-
ON634744.1_2022-03-11	2III_C.1.1	2	2III	2III_C	2III_C.1	2III_C.1.1	-	-
ON634752.1_2022-03-17	2III_C.1.1	2	2III	2III_C	2III_C.1	2III_C.1.1	-	-
OQ101603.1_2019-07-04	2III_C.1.1	2	2III	2III_C	2III_C.1	2III_C.1.1	-	-
OQ567847.1_2021-04-14	2III_C.1.1	2	2III	2III_C	2III_C.1	2III_C.1.1	-	-
OR258575.1_2021-06-10	2III_C.1.1	2	2III	2III_C	2III_C.1	2III_C.1.1	-	-
PP320854.1_2013-07-03	2III_C.1.1_outgroup	2	2III	2III_C	2III_C.1	2III_C.1.1	-	outgroup
OQ740547.1_2022-03-31	2III_C.1.2	2	2III	2III_C	2III_C.1	2III_C.1.2	-	-
OQ740551.1_2022-04-08	2III_C.1.2	2	2III	2III_C	2III_C.1	2III_C.1.2	-	-
OQ740552.1_2022-04-13	2III_C.1.2	2	2III	2III_C	2III_C.1	2III_C.1.2	-	-
OQ740553.1_2022-05-11	2III_C.1.2	2	2III	2III_C	2III_C.1	2III_C.1.2	-	-
OQ821472.1_2014-01-12	2III_C.1.2_outgroup	2	2III	2III_C	2III_C.1	2III_C.1.2	-	outgroup
OQ821475.1_2015-10-28	2III_C.1.2	2	2III	2III_C	2III_C.1	2III_C.1.2	-	-
EU482607.1_2007	2III_D.3	2	2III	2III_D	2III_D.3	-	-	-
EU726775.1_1996	2III_D	2	2III	2III_D	-	-	-	-
EU920828.1_1993-02	2III_D.1_outgroup	2	2III	2III_D	2III_D.1	-	-	outgroup
FJ898461.1_2002	2III_D.1	2	2III	2III_D	2III_D.1	-	-	-
GQ199895.1_1999	2III_D.1	2	2III	2III_D	2III_D.1	-	-	-
GQ868515.1_2007	2III_D.1	2	2III	2III_D	2III_D.1	-	-	-
GQ868553.1_1999	2III_D.3_outgroup	2	2III	2III_D	2III_D.3	-	-	outgroup
GQ868558.1_2007	2III_D.2	2	2III	2III_D	2III_D.2	-	-	-
KJ189305.1_2000	2III_D.3	2	2III	2III_D	2III_D.3	-	-	-
KY474316.1_2014	2III_D.3	2	2III	2III_D	2III_D.3	-	-	-
MH069499.1_2015-09-22	2III_D.2	2	2III	2III_D	2III_D.2	-	-	-
MH781013.1_2012	2III_D.1	2	2III	2III_D	2III_D.1	-	-	-
MN462632.1_2015-10-04	2III_D.3	2	2III	2III_D	2III_D.3	-	-	-
MN462636.1_2015-05-27	2III_D.3	2	2III	2III_D	2III_D.3	-	-	-
MZ773408.1_2019-09	2III_D.2	2	2III	2III_D	2III_D.2	-	-	-
ON510270.1_2021-05-10	2III_D.2	2	2III	2III_D	2III_D.2	-	-	-
ON714337.1_2015-01-29	2III_D.2	2	2III	2III_D	2III_D.2	-	-	-
EU596500.1_2007	2III_D.1.1	2	2III	2III_D	2III_D.1	2III_D.1.1	-	-
FJ898478.1_2000	2III_D.1.1_outgroup	2	2III	2III_D	2III_D.1	2III_D.1.1	-	outgroup
GQ868604.1_2005	2III_D.1.1	2	2III	2III_D	2III_D.1	2III_D.1.1	-	-
OQ445892.1_2022-09-27	2III_D.1.1	2	2III	2III_D	2III_D.1	2III_D.1.1	-	-
OQ821456.1_2022-06-20	2III_D.1.1	2	2III	2III_D	2III_D.1	2III_D.1.1	-	-
OQ821459.1_2022-06-28	2III_D.1.1	2	2III	2III_D	2III_D.1	2III_D.1.1	-	-
MZ945533.1_2020-10-28	2III_D.1.2	2	2III	2III_D	2III_D.1	2III_D.1.2	-	-
OM505022.1_2021-09-21	2III_D.1.2	2	2III	2III_D	2III_D.1	2III_D.1.2	-	-
OQ821483.1_2019-08-19	2III_D.1.2	2	2III	2III_D	2III_D.1	2III_D.1.2	-	-
OQ821485.1_2022-07-06	2III_D.1.2	2	2III	2III_D	2III_D.1	2III_D.1.2	-	-
OQ821497.1_2019-08-29	2III_D.1.2	2	2III	2III_D	2III_D.1	2III_D.1.2	-	-
EU482635.1_2005	2III_D.1.3	2	2III	2III_D	2III_D.1	2III_D.1.3	-	-
EU482639.1_2006	2III_D.1.3	2	2III	2III_D	2III_D.1	2III_D.1.3	-	-
FJ850118.1_2000	2III_D.1.3_outgroup	2	2III	2III_D	2III_D.1	2III_D.1.3	-	outgroup
FJ882594.1_2007	2III_D.1.3	2	2III	2III_D	2III_D.1	2III_D.1.3	-	-
FJ906956.1_2005	2III_D.1.3	2	2III	2III_D	2III_D.1	2III_D.1.3	-	-
HQ705624.1_2009	2III_D.1.3	2	2III	2III_D	2III_D.1	2III_D.1.3	-	-
EU482545.1_1998	2III_E	2	2III	2III_E	-	-	-	-
EU920835.1_2002-04	2III_E	2	2III	2III_E	-	-	-	-
EU920840.1_2005-10	2III_E	2	2III	2III_E	-	-	-	-
FJ850085.1_2005	2III_E	2	2III	2III_E	-	-	-	-
FJ850088.1_2006	2III_E	2	2III	2III_E	-	-	-	-
GQ868603.1_1987	2III_E_outgroup	2	2III	2III_E	-	-	-	outgroup
KF744399.1_1998	2IV	2	2IV	-	-	-	-	-
KF744400.1_2000	2IV	2	2IV	-	-	-	-	-
KF744402.1_2000	2IV	2	2IV	-	-	-	-	-
KF744407.1_1996	2IV	2	2IV	-	-	-	-	-
OK469345.1_1985	2IV_outgroup	2	2IV	-	-	-	-	outgroup
OK605760.1_1988	2IV	2	2IV	-	-	-	-	-
GQ868591.1_1964	2V	2	2V	-	-	-	-	-
OK469347.1_1988	2V_outgroup	2	2V	-	-	-	-	outgroup
DQ181803.1_1985	2V_A_outgroup	2	2V	2V_A	-	-	-	outgroup
GQ868624.1_2007	2V_A.1	2	2V	2V_A	2V_A.1	-	-	-
GU131898.1_2008	2V_A.1	2	2V	2V_A	2V_A.1	-	-	-
JF730046.1_2008	2V_A.1	2	2V	2V_A	2V_A.1	-	-	-
JN368476.1_2007	2V_A	2	2V	2V_A	-	-	-	-
KY586586.1_2006	2V_A.1	2	2V	2V_A	2V_A.1	-	-	-
KY586595.1_2004	2V_A.3	2	2V	2V_A	2V_A.3	-	-	-
KY586603.1_2002	2V_A.3_outgroup	2	2V	2V_A	2V_A.3	-	-	outgroup
KY849765.1_2009-11-06	2V_A.3	2	2V	2V_A	2V_A.3	-	-	-
KY849768.1_2010-08-13	2V_A.3	2	2V	2V_A	2V_A.3	-	-	-
LC410185.1_2016-11	2V_A.1	2	2V	2V_A	2V_A.1	-	-	-
MF459663.3_2013-09-09	2V_A.2	2	2V	2V_A	2V_A.2	-	-	-
MN448821.1_2012-06-07	2V_A.2_outgroup	2	2V	2V_A	2V_A.2	-	-	outgroup
MN448874.1_2011-09-20	2V_A.4	2	2V	2V_A	2V_A.4	-	-	-
MN448883.1_2011-09-23	2V_A.4	2	2V	2V_A	2V_A.4	-	-	-
MN448904.1_2010-09-15	2V_A.4	2	2V	2V_A	2V_A.4	-	-	-
MN448918.1_2011-09-21	2V_A.1	2	2V	2V_A	2V_A.1	-	-	-
MN448920.1_2011	2V_A.3	2	2V	2V_A	2V_A.3	-	-	-
MN923120.1_2019-10-02	2V_A.2	2	2V	2V_A	2V_A.2	-	-	-
MW788985.1_2019-09	2V_A.2	2	2V	2V_A	2V_A.2	-	-	-
MW788987.1_2019-06	2V_A.2	2	2V	2V_A	2V_A.2	-	-	-
MW946280.1_2004	2V_A.1_outgroup	2	2V	2V_A	2V_A.1	-	-	outgroup
MW946358.1_2003	2V_A.4_outgroup	2	2V	2V_A	2V_A.4	-	-	outgroup
MW946367.1_2010	2V_A.4	2	2V	2V_A	2V_A.4	-	-	-
MW946420.1_1996	2V_A	2	2V	2V_A	-	-	-	-
MW946510.1_2011	2V_A.3	2	2V	2V_A	2V_A.3	-	-	-
MW946554.1_2011	2V_A.3	2	2V	2V_A	2V_A.3	-	-	-
MW946557.1_2010	2V_A.1	2	2V	2V_A	2V_A.1	-	-	-
MW946602.1_2011	2V_A.4	2	2V	2V_A	2V_A.4	-	-	-
MZ453007.1_2019	2V_A.2	2	2V	2V_A	2V_A.2	-	-	-
MZ636801.1_2019-11-19	2V_A.2	2	2V	2V_A	2V_A.2	-	-	-
OQ028229.1_2017-08-03	2V_A	2	2V	2V_A	-	-	-	-
OQ426940.1_2018-10-29	2V_A.1	2	2V	2V_A	2V_A.1	-	-	-
PP269872.1_2013-11-14	2V_A.1	2	2V	2V_A	2V_A.1	-	-	-
MN018366.1_2015-12-30	2V_A.1.1	2	2V	2V_A	2V_A.1	2V_A.1.1	-	-
MN448787.1_2011-07-21	2V_A.1.1_outgroup	2	2V	2V_A	2V_A.1	2V_A.1.1	-	outgroup
OP684189.1_2018-09-30	2V_A.1.1	2	2V	2V_A	2V_A.1	2V_A.1.1	-	-
OQ028221.1_2019-11-13	2V_A.1.1	2	2V	2V_A	2V_A.1	2V_A.1.1	-	-
OQ028222.1_2019-06-25	2V_A.1.1	2	2V	2V_A	2V_A.1	2V_A.1.1	-	-
OQ028228.1_2019-06-26	2V_A.1.1	2	2V	2V_A	2V_A.1	2V_A.1.1	-	-
PP269863.1_2014-09-22	2V_A.1.1	2	2V	2V_A	2V_A.1	2V_A.1.1	-	-
MN923115.1_2019-05-31	2V_A.1.2	2	2V	2V_A	2V_A.1	2V_A.1.2	-	-
MN923122.1_2019-09-01	2V_A.1.2	2	2V	2V_A	2V_A.1	2V_A.1.2	-	-
OL414734.1_2020-06	2V_A.1.2	2	2V	2V_A	2V_A.1	2V_A.1.2	-	-
OL414761.1_2019-08	2V_A.1.2	2	2V	2V_A	2V_A.1	2V_A.1.2	-	-
OP684188.1_2018-09-20	2V_A.1.2	2	2V	2V_A	2V_A.1	2V_A.1.2	-	-
GU131924.1_2008	2V_A.1.3_outgroup	2	2V	2V_A	2V_A.1	2V_A.1.3	-	outgroup
MN448699.1_2012-11-13	2V_A.1.3	2	2V	2V_A	2V_A.1	2V_A.1.3	-	-
MN448700.1_2012-11-20	2V_A.1.3	2	2V	2V_A	2V_A.1	2V_A.1.3	-	-
MN448706.1_2012-11-01	2V_A.1.3	2	2V	2V_A	2V_A.1	2V_A.1.3	-	-
MN448727.1_2012-10-11	2V_A.1.3	2	2V	2V_A	2V_A.1	2V_A.1.3	-	-
MN448732.1_2012-08-29	2V_A.1.3	2	2V	2V_A	2V_A.1	2V_A.1.3	-	-
KY586690.1_1999	2V_B	2	2V	2V_B	-	-	-	-
KY586692.1_2001	2V_B	2	2V	2V_B	-	-	-	-
MW946460.1_1997	2V_B	2	2V	2V_B	-	-	-	-
MW946473.1_1999	2V_B	2	2V	2V_B	-	-	-	-
MW946551.1_1997	2V_B	2	2V	2V_B	-	-	-	-
KY586667.1_2001	2V_C	2	2V	2V_C	-	-	-	-
KY586675.1_1995	2V_C_outgroup	2	2V	2V_C	-	-	-	outgroup
MW946279.1_2001	2V_C	2	2V	2V_C	-	-	-	-
MW946369.1_1994	2V_C	2	2V	2V_C	-	-	-	-
MW946428.1_2001	2V_C	2	2V	2V_C	-	-	-	-
MW946509.1_1998	2V_C	2	2V	2V_C	-	-	-	-
MW946590.1_1997	2V_C	2	2V	2V_C	-	-	-	-
KC964095.1_1998	2V_D	2	2V	2V_D	-	-	-	-
KY586678.1_2002	2V_D	2	2V	2V_D	-	-	-	-
KY586686.1_2000	2V_D	2	2V	2V_D	-	-	-	-
KY586688.1_1998	2V_D	2	2V	2V_D	-	-	-	-
MW946284.1_1995	2V_D	2	2V	2V_D	-	-	-	-
MW946422.1_1994	2V_D_outgroup	2	2V	2V_D	-	-	-	outgroup
FJ639828.1_2001	2V_E	2	2V	2V_E	-	-	-	-
FJ687436.1_2001	2V_E	2	2V	2V_E	-	-	-	-
MW946449.1_2014	2V_E	2	2V	2V_E	-	-	-	-
MW946517.1_2005	2V_E	2	2V	2V_E	-	-	-	-
MW946595.1_2005	2V_E	2	2V	2V_E	-	-	-	-
EF105379.1_1970	2VI	2	2VI	-	-	-	-	-
EF105385.1_1974	2VI	2	2VI	-	-	-	-	-
EF105386.1_1980	2VI	2	2VI	-	-	-	-	-
EF105388.1_1966	2VI	2	2VI	-	-	-	-	-
FJ467493.1_2008	2VI	2	2VI	-	-	-	-	-
JF260983.1_2009	2VI	2	2VI	-	-	-	-	-
KX274130.1_2015	2VI_outgroup	2	2VI	-	-	-	-	outgroup
KU050695.1_1956	3I_outgroup	3	3I	-	-	-	-	outgroup
AY496879.2_1997	3I_A_outgroup	3	3I	3I_A	-	-	-	outgroup
KY921906.1_2015-06	3I_A.2_outgroup	3	3I	3I_A	3I_A.2	-	-	outgroup
MF004386.1_2012-10-04	3I_A	3	3I	3I_A	-	-	-	-
MK894338.1_2018-02-05	3I_A.1	3	3I	3I_A	3I_A.1	-	-	-
MN018370.1_2015-07-24	3I_A	3	3I	3I_A	-	-	-	-
MN018374.1_2015-09-28	3I_A	3	3I	3I_A	-	-	-	-
MN018377.1_2015-12-22	3I_A.1_outgroup	3	3I	3I_A	3I_A.1	-	-	outgroup
MN922035.1_2019-06-23	3I_A.2	3	3I	3I_A	3I_A.2	-	-	-
MT921575.1_2016	3I_A	3	3I	3I_A	-	-	-	-
MW396463.1_2019-07-02	3I_A.2	3	3I	3I_A	3I_A.2	-	-	-
OK605763.1_1985	3I_A	3	3I	3I_A	-	-	-	-
ON116130.1_2021-08	3I_A.2	3	3I	3I_A	3I_A.2	-	-	-
ON127534.1_2021-08	3I_A.2	3	3I	3I_A	3I_A.2	-	-	-
OP410996.1_2019-11	3I_A.1	3	3I	3I_A	3I_A.1	-	-	-
OQ103317.1_2022-05-20	3I_A.1	3	3I	3I_A	3I_A.1	-	-	-
MH823209.1_2016	3I_A.1.1_outgroup	3	3I	3I_A	3I_A.1	3I_A.1.1	-	outgroup
MN083246.1_2017-11	3I_A.1.1	3	3I	3I_A	3I_A.1	3I_A.1.1	-	-
MT006158.1_2018-06-19	3I_A.1.1	3	3I	3I_A	3I_A.1	3I_A.1.1	-	-
OR393950.1_2019-01-03	3I_A.1.1	3	3I	3I_A	3I_A.1	3I_A.1.1	-	-
OR393976.1_2019-07-22	3I_A.1.1	3	3I	3I_A	3I_A.1	3I_A.1.1	-	-
OR393978.1_2019-08-05	3I_A.1.1	3	3I	3I_A	3I_A.1	3I_A.1.1	-	-
OR394032.1_2019-11-29	3I_A.1.1	3	3I	3I_A	3I_A.1	3I_A.1.1	-	-
PP766873.1_2023-06-05	3I_A.1.1	3	3I	3I_A	3I_A.1	3I_A.1.1	-	-
MF682966.1_2016-09-07	3I_A.1.2	3	3I	3I_A	3I_A.1	3I_A.1.2	-	-
MF682968.1_2016-09-10	3I_A.1.2	3	3I	3I_A	3I_A.1	3I_A.1.2	-	-
MF682970.1_2016-09-15	3I_A.1.2	3	3I	3I_A	3I_A.1	3I_A.1.2	-	-
MW295815.1_2020-09-07	3I_A.1.2	3	3I	3I_A	3I_A.1	3I_A.1.2	-	-
MW788901.1_2018-08	3I_A.1.2	3	3I	3I_A	3I_A.1	3I_A.1.2	-	-
OR236121.1_2016-02	3I_A.1.2_outgroup	3	3I	3I_A	3I_A.1	3I_A.1.2	-	outgroup
FJ898456.1_1995	3I_B	3	3I	3I_B	-	-	-	-
JQ920480.1_1996-09-04	3I_B	3	3I	3I_B	-	-	-	-
JQ920485.1_1996-10-21	3I_B	3	3I	3I_B	-	-	-	-
MW946691.1_1992	3I_B	3	3I	3I_B	-	-	-	-
MW946955.1_1978	3I_B	3	3I	3I_B	-	-	-	-
DQ675519.1_1995	3I_C_outgroup	3	3I	3I_C	-	-	-	outgroup
KU509279.1_2008	3I_C	3	3I	3I_C	-	-	-	-
MN018379.1_2015-10-03	3I_C	3	3I	3I_C	-	-	-	-
MN018380.1_2015-09-16	3I_C	3	3I	3I_C	-	-	-	-
MN018389.1_2017-02-15	3I_C	3	3I	3I_C	-	-	-	-
MN922037.1_2019-08-02	3I_C	3	3I	3I_C	-	-	-	-
KF955476.1_1983	3II	3	3II	-	-	-	-	-
OK469355.1_1973	3II	3	3II	-	-	-	-	-
EU482452.1_2006	3II_A.1	3	3II	3II_A	3II_A.1	-	-	-
EU482456.1_2006	3II_A.1	3	3II	3II_A	3II_A.1	-	-	-
EU482462.1_2007	3II_A.1	3	3II	3II_A	3II_A.1	-	-	-
EU660411.1_2006	3II_A.1	3	3II	3II_A	3II_A.1	-	-	-
FJ432741.1_2007	3II_A.1	3	3II	3II_A	3II_A.1	-	-	-
FJ639715.1_2008	3II_A.2	3	3II	3II_A	3II_A.2	-	-	-
GU131903.1_2008	3II_A.2	3	3II	3II_A	3II_A.2	-	-	-
HM631854.1_2008	3II_A.2	3	3II	3II_A	3II_A.2	-	-	-
JF295012.1_2007	3II_A.2	3	3II	3II_A	3II_A.2	-	-	-
KF955461.1_1999	3II_A.1_outgroup	3	3II	3II_A	3II_A.1	-	-	outgroup
KF955506.1_2007	3II_A.2	3	3II	3II_A	3II_A.2	-	-	-
KU509280.1_2011	3II_A.5	3	3II	3II_A	3II_A.5	-	-	-
KY586702.1_2008	3II_A.3	3	3II	3II_A	3II_A.3	-	-	-
KY586704.1_2008	3II_A.3	3	3II	3II_A	3II_A.3	-	-	-
KY586706.1_2006	3II_A.3	3	3II	3II_A	3II_A.3	-	-	-
KY586721.1_2000	3II_A.4	3	3II	3II_A	3II_A.4	-	-	-
KY586724.1_2000	3II_A.4	3	3II	3II_A	3II_A.4	-	-	-
KY586754.1_2001	3II_A	3	3II	3II_A	-	-	-	-
KY586777.1_1999	3II_A.5	3	3II	3II_A	3II_A.5	-	-	-
KY586787.1_2002	3II_A	3	3II	3II_A	-	-	-	-
MN448977.1_2010-05-18	3II_A.5	3	3II	3II_A	3II_A.5	-	-	-
MN448990.1_2011-12-27	3II_A.5	3	3II	3II_A	3II_A.5	-	-	-
MW946622.1_2006	3II_A.3	3	3II	3II_A	3II_A.3	-	-	-
MW946629.1_1998	3II_A.3_outgroup	3	3II	3II_A	3II_A.3	-	-	outgroup
MW946651.1_1997	3II_A.4	3	3II	3II_A	3II_A.4	-	-	-
MW946675.1_1994	3II_A	3	3II	3II_A	-	-	-	-
MW946718.1_2001	3II_A.4	3	3II	3II_A	3II_A.4	-	-	-
MW946753.1_2003	3II_A.4_outgroup	3	3II	3II_A	3II_A.4	-	-	outgroup
MW946819.1_1999	3II_A.4	3	3II	3II_A	3II_A.4	-	-	-
MW946820.1_2003	3II_A.3	3	3II	3II_A	3II_A.3	-	-	-
MW946858.1_2005	3II_A.2	3	3II	3II_A	3II_A.2	-	-	-
MW946863.1_2003	3II_A.4	3	3II	3II_A	3II_A.4	-	-	-
MW946876.1_2003	3II_A	3	3II	3II_A	-	-	-	-
MW946924.1_1997	3II_A.5_outgroup	3	3II	3II_A	3II_A.5	-	-	outgroup
MW946926.1_1999	3II_A.5	3	3II	3II_A	3II_A.5	-	-	-
MW946934.1_2011	3II_A.5	3	3II	3II_A	3II_A.5	-	-	-
MZ857226.1_1991-09-17	3II_A	3	3II	3II_A	-	-	-	-
OK469354.1_1989	3II_A_outgroup	3	3II	3II_A	-	-	-	outgroup
OR389038.1_2004	3II_A.1	3	3II	3II_A	3II_A.1	-	-	-
AY496871.2_2002	3II_B	3	3II	3II_B	-	-	-	-
KJ737430.1_1983	3II_B_outgroup	3	3II	3II_B	-	-	-	outgroup
KT424097.1_2014-08-28	3II_B	3	3II	3II_B	-	-	-	-
KY586818.1_2007	3II_B	3	3II	3II_B	-	-	-	-
MF682971.1_2013-07-22	3II_B	3	3II	3II_B	-	-	-	-
MW946664.1_2011	3II_B	3	3II	3II_B	-	-	-	-
OK469356.1_1976	3III_outgroup	3	3III	-	-	-	-	outgroup
DQ675533.1_1999	3III_A.1_outgroup	3	3III	3III_A	3III_A.1	-	-	outgroup
EU081210.1_2005	3III_A.1	3	3III	3III_A	3III_A.1	-	-	-
EU081214.1_2005	3III_A.1	3	3III	3III_A	3III_A.1	-	-	-
EU081217.1_2005	3III_A.1	3	3III	3III_A	3III_A.1	-	-	-
EU081225.1_2005	3III_A.1	3	3III	3III_A	3III_A.1	-	-	-
FJ882573.1_1993	3III_A	3	3III	3III_A	-	-	-	-
JQ922555.1_1966	3III_A_outgroup	3	3III	3III_A	-	-	-	outgroup
KJ830751.1_2014-01-26	3III_A.2	3	3III	3III_A	3III_A.2	-	-	-
KU509283.1_2006	3III_A.1	3	3III	3III_A	3III_A.1	-	-	-
LT996904.1_2007	3III_A.2	3	3III	3III_A	3III_A.2	-	-	-
MG721059.2_2016	3III_A.2	3	3III	3III_A	3III_A.2	-	-	-
MH048677.1_2014-12	3III_A.2	3	3III	3III_A	3III_A.2	-	-	-
OP410993.1_2008-09	3III_A.2	3	3III	3III_A	3III_A.2	-	-	-
EHIE21409Y22_2022	3III_B.1	3	3III	3III_B	3III_B.1	-	-	-
FJ644564.1_2007	3III_B	3	3III	3III_B	-	-	-	-
GQ466079.1_2008	3III_B.1_outgroup	3	3III	3III_B	3III_B.1	-	-	outgroup
JQ922556.1_2005	3III_B.3_outgroup	3	3III	3III_B	3III_B.3	-	-	outgroup
JQ922557.1_2005	3III_B.1	3	3III	3III_B	3III_B.1	-	-	-
KU509282.1_2009	3III_B.2	3	3III	3III_B	3III_B.2	-	-	-
KU509286.1_2011	3III_B.2_outgroup	3	3III	3III_B	3III_B.2	-	-	outgroup
LC379197.1_2017-04-15	3III_B.2	3	3III	3III_B	3III_B.2	-	-	-
MG721064.1_2016	3III_B.1	3	3III	3III_B	3III_B.1	-	-	-
MN018375.1_2015-10-23	3III_B.1	3	3III	3III_B	3III_B.1	-	-	-
MN018378.1_2015-09-30	3III_B.1	3	3III	3III_B	3III_B.1	-	-	-
MN964273.1_2019-11-09	3III_B.2	3	3III	3III_B	3III_B.2	-	-	-
MT261977.1_2017-10-12	3III_B.2	3	3III	3III_B	3III_B.2	-	-	-
MW192824.1_2017-08	3III_B	3	3III	3III_B	-	-	-	-
MW288031.1_2018-11	3III_B.2	3	3III	3III_B	3III_B.2	-	-	-
MZ544587.1_2019-03	3III_B	3	3III	3III_B	-	-	-	-
ON123655.1_2020	3III_B.3	3	3III	3III_B	3III_B.3	-	-	-
OP895705.1_2018	3III_B.3	3	3III	3III_B	3III_B.3	-	-	-
OQ721955.1_2022	3III_B.3	3	3III	3III_B	3III_B.3	-	-	-
KX380841.1_2012	3III_B.3.1_outgroup	3	3III	3III_B	3III_B.3	3III_B.3.1	-	outgroup
MK894340.1_2018-10-16	3III_B.3.1	3	3III	3III_B	3III_B.3	3III_B.3.1	-	-
MN018385.1_2016-09-20	3III_B.3.1	3	3III	3III_B	3III_B.3	3III_B.3.1	-	-
ON123658.1_2019	3III_B.3.1	3	3III	3III_B	3III_B.3	3III_B.3.1	-	-
ON900159.1_2019-06-01	3III_B.3.1	3	3III	3III_B	3III_B.3	3III_B.3.1	-	-
OQ821604.1_2019-01-15	3III_B.3.1	3	3III	3III_B	3III_B.3	3III_B.3.1	-	-
OQ821609.1_2019-11-06	3III_B.3.1	3	3III	3III_B	3III_B.3	3III_B.3.1	-	-
OQ821611.1_2020-11-07	3III_B.3.1	3	3III	3III_B	3III_B.3	3III_B.3.1	-	-
OQ948474.1_2019-09	3III_B.3.1	3	3III	3III_B	3III_B.3	3III_B.3.1	-	-
ON123669.1_2018	3III_B.3.2_outgroup	3	3III	3III_B	3III_B.3	3III_B.3.2	-	outgroup
OQ821509.1_2022-08-05	3III_B.3.2	3	3III	3III_B	3III_B.3	3III_B.3.2	-	-
OQ821520.1_2022-08-18	3III_B.3.2	3	3III	3III_B	3III_B.3	3III_B.3.2	-	-
OQ821574.1_2022-11-07	3III_B.3.2	3	3III	3III_B	3III_B.3	3III_B.3.2	-	-
OQ821582.1_2022-11-30	3III_B.3.2	3	3III	3III_B	3III_B.3	3III_B.3.2	-	-
OQ836209.1_2023-01-24	3III_B.3.2	3	3III	3III_B	3III_B.3	3III_B.3.2	-	-
OQ857506.1_2022-10-05	3III_B.3.2	3	3III	3III_B	3III_B.3	3III_B.3.2	-	-
OR150747.1_2022-12-23	3III_B.3.2	3	3III	3III_B	3III_B.3	3III_B.3.2	-	-
OR150749.1_2023-01-06	3III_B.3.2	3	3III	3III_B	3III_B.3	3III_B.3.2	-	-
EU482559.1_1998	3III_C.1	3	3III	3III_C	3III_C.1	-	-	-
EU482566.1_1998	3III_C.1	3	3III	3III_C	3III_C.1	-	-	-
EU596494.1_2007	3III_C.1	3	3III	3III_C	3III_C.1	-	-	-
EU687219.1_1999	3III_C.1	3	3III	3III_C	3III_C.1	-	-	-
FJ390375.1_1999	3III_C.1	3	3III	3III_C	3III_C.1	-	-	-
FJ410178.1_2002	3III_C.1	3	3III	3III_C	3III_C.1	-	-	-
FJ547074.1_2000	3III_C.1	3	3III	3III_C	3III_C.1	-	-	-
FJ547077.1_2000	3III_C.1	3	3III	3III_C	3III_C.1	-	-	-
FJ547081.1_2001	3III_C.1	3	3III	3III_C	3III_C.1	-	-	-
FJ882576.1_1994	3III_C	3	3III	3III_C	-	-	-	-
FJ898440.1_2003	3III_C.2_outgroup	3	3III	3III_C	3III_C.2	-	-	outgroup
GQ199886.1_1998	3III_C.1_outgroup	3	3III	3III_C	3III_C.1	-	-	outgroup
GQ868578.1_2007	3III_C.1	3	3III	3III_C	3III_C.1	-	-	-
KF955467.1_2000	3III_C.1	3	3III	3III_C	3III_C.1	-	-	-
OK605762.1_2007	3III_C.2	3	3III	3III_C	3III_C.2	-	-	-
OM417341.1_2021-09-19	3III_C.2	3	3III	3III_C	3III_C.2	-	-	-
OQ603309.1_2015-09-15	3III_C.1	3	3III	3III_C	3III_C.1	-	-	-
OQ603310.1_2015	3III_C.2	3	3III	3III_C	3III_C.2	-	-	-
OQ603311.1_2015	3III_C.1	3	3III	3III_C	3III_C.1	-	-	-
OQ821502.1_2021-08-12	3III_C.1	3	3III	3III_C	3III_C.1	-	-	-
EU854292.1_2005	3III_C.2.1_outgroup	3	3III	3III_C	3III_C.2	3III_C.2.1	-	outgroup
HM181972.1_2009	3III_C.2.1	3	3III	3III_C	3III_C.2	3III_C.2.1	-	-
HM631856.1_2009	3III_C.2.1	3	3III	3III_C	3III_C.2	3III_C.2.1	-	-
JF920394.1_2009	3III_C.2.1	3	3III	3III_C	3III_C.2	3III_C.2.1	-	-
KF971702.1_2009	3III_C.2.1	3	3III	3III_C	3III_C.2	3III_C.2.1	-	-
MW308181.1_2019-08-22	3III_C.2.1	3	3III	3III_C	3III_C.2	3III_C.2.1	-	-
MZ008472.1_2013	3III_C.2.1	3	3III	3III_C	3III_C.2	3III_C.2.1	-	-
MZ008474.1_2013	3III_C.2.1	3	3III	3III_C	3III_C.2	3III_C.2.1	-	-
MZ008476.1_2014	3III_C.2.1	3	3III	3III_C	3III_C.2	3III_C.2.1	-	-
OM417340.1_2021-09-21	3III_C.2.1	3	3III	3III_C	3III_C.2	3III_C.2.1	-	-
GU131850.1_2006	3III_C.2.2	3	3III	3III_C	3III_C.2	3III_C.2.2	-	-
GU131861.1_2007	3III_C.2.2	3	3III	3III_C	3III_C.2	3III_C.2.2	-	-
GU131870.1_2007	3III_C.2.2	3	3III	3III_C	3III_C.2	3III_C.2.2	-	-
GU131872.1_2007	3III_C.2.2	3	3III	3III_C	3III_C.2	3III_C.2.2	-	-
GU131876.1_2007	3III_C.2.2	3	3III	3III_C	3III_C.2	3III_C.2.2	-	-
JX669491.1_2002	3III_C.2.2_outgroup	3	3III	3III_C	3III_C.2	3III_C.2.2	-	outgroup
MH888333.1_2011-01-01	3III_C.2.2	3	3III	3III_C	3III_C.2	3III_C.2.2	-	-
JQ922554.1_1963	3V	3	3V	-	-	-	-	-
KM190937.1_1964	3V	3	3V	-	-	-	-	-
OM258630.1_1953	3V_outgroup	3	3V	-	-	-	-	outgroup
JQ922558.1_1962	4I	4	4I	-	-	-	-	-
KY586945.1_1998	4I_outgroup	4	4I	-	-	-	-	outgroup
KY670635.1_2003-10	4I	4	4I	-	-	-	-	-
OK469357.1_1963	4I	4	4I	-	-	-	-	-
AP012_1971-05-17	4I_A_outgroup	4	4I	4I_A	-	-	-	outgroup
JN638572.1_2008	4I_A.2	4	4I	4I_A	4I_A.2	-	-	-
KY586903.1_2000	4I_A.2	4	4I	4I_A	4I_A.2	-	-	-
KY586922.1_1998	4I_A.2	4	4I	4I_A	4I_A.2	-	-	-
KY586938.1_1995	4I_A.2_outgroup	4	4I	4I_A	4I_A.2	-	-	outgroup
KY586942.1_2006	4I_A.1	4	4I	4I_A	4I_A.1	-	-	-
LC410203.1_2017-06	4I_A.3	4	4I	4I_A	4I_A.3	-	-	-
MN018395.1_2015-10-20	4I_A.2	4	4I	4I_A	4I_A.2	-	-	-
MN018397.1_2016-02-01	4I_A.3	4	4I	4I_A	4I_A.3	-	-	-
MN449006.1_2012-07-16	4I_A.3	4	4I	4I_A	4I_A.3	-	-	-
MW788999.1_2018-05	4I_A.3	4	4I	4I_A	4I_A.3	-	-	-
MW945498.1_2010	4I_A.1	4	4I	4I_A	4I_A.1	-	-	-
MW945533.1_2013	4I_A.2	4	4I	4I_A	4I_A.2	-	-	-
MW945553.1_2006	4I_A.2	4	4I	4I_A	4I_A.2	-	-	-
MW945648.1_2005	4I_A.3	4	4I	4I_A	4I_A.3	-	-	-
MW945653.1_2008	4I_A.2	4	4I	4I_A	4I_A.2	-	-	-
MW945663.1_1994	4I_A.1_outgroup	4	4I	4I_A	4I_A.1	-	-	outgroup
MW945665.1_2002	4I_A.2	4	4I	4I_A	4I_A.2	-	-	-
MW945761.1_1999	4I_A.3_outgroup	4	4I	4I_A	4I_A.3	-	-	outgroup
OK469358.1_1976	4I_A.1	4	4I	4I_A	4I_A.1	-	-	-
KP792537.2_2011-06	4I_A.1.1_outgroup	4	4I	4I_A	4I_A.1	4I_A.1.1	-	outgroup
MZ976860.1_2020-08-03	4I_A.1.1	4	4I	4I_A	4I_A.1	4I_A.1.1	-	-
OQ426982.1_2018-12-18	4I_A.1.1	4	4I	4I_A	4I_A.1	4I_A.1.1	-	-
OQ427042.1_2019-01-08	4I_A.1.1	4	4I	4I_A	4I_A.1	4I_A.1.1	-	-
OQ427048.1_2019-01-15	4I_A.1.1	4	4I	4I_A	4I_A.1	4I_A.1.1	-	-
OQ427061.1_2018-12-24	4I_A.1.1	4	4I	4I_A	4I_A.1	4I_A.1.1	-	-
PP269983.1_2011-12-29	4I_A.1.1	4	4I	4I_A	4I_A.1	4I_A.1.1	-	-
MN018394.1_2015-10-03	4I_A.1.2	4	4I	4I_A	4I_A.1	4I_A.1.2	-	-
OQ427041.1_2019-01-07	4I_A.1.2	4	4I	4I_A	4I_A.1	4I_A.1.2	-	-
OQ427046.1_2019-01-15	4I_A.1.2	4	4I	4I_A	4I_A.1	4I_A.1.2	-	-
OQ427047.1_2019-01-15	4I_A.1.2	4	4I	4I_A	4I_A.1	4I_A.1.2	-	-
OQ427062.1_2018-12-25	4I_A.1.2	4	4I	4I_A	4I_A.1	4I_A.1.2	-	-
JQ922559.1_1979	4I_B	4	4I	4I_B	-	-	-	-
KF041260.1_2009	4I_B.2_outgroup	4	4I	4I_B	4I_B.2	-	-	outgroup
KR011349.2_1956-08-28	4I_B_outgroup	4	4I	4I_B	-	-	-	outgroup
KU509287.1_2009	4I_B.1_outgroup	4	4I	4I_B	4I_B.1	-	-	outgroup
KX059015.1_2012-07	4I_B.2	4	4I	4I_B	4I_B.2	-	-	-
KX059018.1_2012-04	4I_B.2	4	4I	4I_B	4I_B.2	-	-	-
KX059026.1_2013-02	4I_B.2	4	4I	4I_B	4I_B.2	-	-	-
KX059029.1_2012-08	4I_B.2	4	4I	4I_B	4I_B.2	-	-	-
KX059032.1_2012-09	4I_B.2	4	4I	4I_B	4I_B.2	-	-	-
KX845005.1_2015	4I_B.2	4	4I	4I_B	4I_B.2	-	-	-
MG272272.1_2016	4I_B.1	4	4I	4I_B	4I_B.1	-	-	-
MK858146.2_2016-07-03	4I_B.2	4	4I	4I_B	4I_B.2	-	-	-
MN018398.1_2016-08-16	4I_B.1	4	4I	4I_B	4I_B.1	-	-	-
OK605769.1_1983	4I_B	4	4I	4I_B	-	-	-	-
OM639995.1_2021-11-16	4I_B.1	4	4I	4I_B	4I_B.1	-	-	-
OP984198.1_2018	4I_B.1	4	4I	4I_B	4I_B.1	-	-	-
JF262783.1_1961	4II_outgroup	4	4II	-	-	-	-	outgroup
FJ196849.1_1978	4II_A	4	4II	4II_A	-	-	-	-
JF741967.1_2010-09-26	4II_A.2	4	4II	4II_A	4II_A.2	-	-	-
JQ915085.1_2008-02-20	4II_A.1_outgroup	4	4II	4II_A	4II_A.1	-	-	outgroup
KC762696.1_2007-08-13	4II_A.2	4	4II	4II_A	4II_A.2	-	-	-
KC762698.1_2008-04-30	4II_A.2	4	4II	4II_A	4II_A.2	-	-	-
KC762699.1_2008-03-28	4II_A.2	4	4II	4II_A	4II_A.2	-	-	-
KP723482.1_2010	4II_A.2	4	4II	4II_A	4II_A.2	-	-	-
KY921909.1_2016-03	4II_A.1	4	4II	4II_A	4II_A.1	-	-	-
MH382789.1_2016	4II_A.1	4	4II	4II_A	4II_A.1	-	-	-
MH888334.1_2013-01-04	4II_A.2_outgroup	4	4II	4II_A	4II_A.2	-	-	outgroup
MN018393.1_2015-07-25	4II_A	4	4II	4II_A	-	-	-	-
MN018396.1_2015-11-12	4II_A	4	4II	4II_A	-	-	-	-
MW945667.1_1997	4II_A_outgroup	4	4II	4II_A	-	-	-	outgroup
OL314740.1_2019-05-30	4II_A	4	4II	4II_A	-	-	-	-
OL314741.1_2019-06-20	4II_A.1	4	4II	4II_A	4II_A.1	-	-	-
OP411002.1_2019-07	4II_A.1	4	4II	4II_A	4II_A.1	-	-	-
OP600478.1_2020-08	4II_A.1	4	4II	4II_A	4II_A.1	-	-	-
OP600512.1_2022-07	4II_A.1	4	4II	4II_A	4II_A.1	-	-	-
OQ821649.1_2016-03-21	4II_A.1	4	4II	4II_A	4II_A.1	-	-	-
FJ850059.1_1998	4II_B.2	4	4II	4II_B	4II_B.2	-	-	-
FJ850095.1_2000	4II_B.1	4	4II	4II_B	4II_B.1	-	-	-
GQ868583.1_2004	4II_B.1	4	4II	4II_B	4II_B.1	-	-	-
JN819409.1_1998	4II_B.1_outgroup	4	4II	4II_B	4II_B.1	-	-	outgroup
KT276273.1_2014-09-08	4II_B	4	4II	4II_B	-	-	-	-
KX812530.1_1976	4II_B	4	4II	4II_B	-	-	-	-
KY474335.1_2014	4II_B.1	4	4II	4II_B	4II_B.1	-	-	-
OK469362.1_1995	4II_B	4	4II	4II_B	-	-	-	-
OK605767.1_1976	4II_B	4	4II	4II_B	-	-	-	-
OM417338.1_2010-10-27	4II_B.2	4	4II	4II_B	4II_B.2	-	-	-
OM417339.1_2011-10-10	4II_B.2	4	4II	4II_B	4II_B.2	-	-	-
OQ445967.1_2022-11-03	4II_B.2	4	4II	4II_B	4II_B.2	-	-	-
OQ603316.1_2013-09-18	4II_B.1	4	4II	4II_B	4II_B.1	-	-	-
OQ821645.1_2022-09-10	4II_B	4	4II	4II_B	-	-	-	-
OR389346.1_1987	4II_B.2_outgroup	4	4II	4II_B	4II_B.2	-	-	outgroup
OR821957.1_2023-10-12	4II_B.2	4	4II	4II_B	4II_B.2	-	-	-
PP692469.1_2023-12-23	4II_B.2	4	4II	4II_B	4II_B.2	-	-	-
HQ332176.1_2007	4II_B.1.1_outgroup	4	4II	4II_B	4II_B.1	4II_B.1.1	-	outgroup
JN559741.2_2010-07-21	4II_B.1.1	4	4II	4II_B	4II_B.1	4II_B.1.1	-	-
KJ596660.1_2012-04-03	4II_B.1.1	4	4II	4II_B	4II_B.1	4II_B.1.1	-	-
KJ596665.1_2012-03-20	4II_B.1.1	4	4II	4II_B	4II_B.1	4II_B.1.1	-	-
KJ596673.1_2012-02-29	4II_B.1.1	4	4II	4II_B	4II_B.1	4II_B.1.1	-	-
OQ567848.1_2016-03-07	4II_B.1.1	4	4II	4II_B	4II_B.1	4II_B.1.1	-	-
OQ567863.1_2020-01-13	4II_B.1.1	4	4II	4II_B	4II_B.1	4II_B.1.1	-	-
PP530047.1_2014-07	4II_B.1.1	4	4II	4II_B	4II_B.1	4II_B.1.1	-	-
PP530050.1_2015-11-15	4II_B.1.1	4	4II	4II_B	4II_B.1	4II_B.1.1	-	-
PP530058.1_2015-05-12	4II_B.1.1	4	4II	4II_B	4II_B.1	4II_B.1.1	-	-
HQ332174.1_2007	4II_B.1.2_outgroup	4	4II	4II_B	4II_B.1	4II_B.1.2	-	outgroup
OQ445963.1_2022-08-10	4II_B.1.2	4	4II	4II_B	4II_B.1	4II_B.1.2	-	-
OQ445966.1_2022-10-26	4II_B.1.2	4	4II	4II_B	4II_B.1	4II_B.1.2	-	-
OR162320.1_2022-11-15	4II_B.1.2	4	4II	4II_B	4II_B.1	4II_B.1.2	-	-
OR654276.1_2023-05-31	4II_B.1.2	4	4II	4II_B	4II_B.1	4II_B.1.2	-	-
OR977094.1_2023-11-10	4II_B.1.2	4	4II	4II_B	4II_B.1	4II_B.1.2	-	-
JF262779.1_1975	4III_outgroup	4	4III	-	-	-	-	outgroup
KY586944.1_2001	4III	4	4III	-	-	-	-	-
MW945493.1_1999	4III	4	4III	-	-	-	-	-
MW945619.1_1996	4III	4	4III	-	-	-	-	-
MW945621.1_2001	4III	4	4III	-	-	-	-	-
MW945727.1_2005	4III	4	4III	-	-	-	-	-
AP009_1973	4IV	4	4IV	-	-	-	-	-
AP010_1975	4IV	4	4IV	-	-	-	-	-
AP011_1975	4IV	4	4IV	-	-	-	-	-
EF457906.1_1975	4IV	4	4IV	-	-	-	-	-
JF262780.1_1973	4IV	4	4IV	-	-	-	-	-
MZ215848.1_2007-05-21	4IV_outgroup	4	4IV	-	-	-	-	outgroup